#{"t_start": 1750709050.7598479, "env_id": null}
r,l,t
0.0,1501,8.189825
0.0,1501,12.499298
0.0,1501,16.879206
0.0,1501,39.308524
0.0,1501,69.140283
0.0,1501,99.287887
0.0,1501,129.695671
0.0,1501,160.127625
0.0,1501,190.445635
0.0,1501,220.361539
0.0,1501,251.508045
0.0,1501,281.927969
0.0,1501,312.649451
0.0,1501,343.95958
0.0,1501,374.425169
0.0,1501,405.300434
0.0,1501,435.762615
0.0,1501,467.009987
0.0,1501,497.600663
0.0,1501,528.486706
0.0,1501,558.781193
0.0,1501,589.563781
0.0,1501,621.283141
0.0,1501,651.34394
0.0,1501,681.35937
0.0,1501,711.023747
0.0,1501,741.471659
0.0,1501,771.543325
0.0,1501,801.335078
0.0,1501,831.675317
0.0,1501,862.823972
0.0,1501,892.779994
0.0,1501,924.051385
0.0,1501,1033.032723
0.0,1501,1063.750626
0.0,1501,1094.125778
0.0,1501,1124.144318
0.0,1501,1154.94356
0.0,1501,1185.278769
0.0,1501,1215.720211
0.0,1501,1246.052419
0.0,1501,1275.564574
0.0,1501,1305.999817
0.0,1501,1336.520117
0.0,1501,1366.941819
0.0,1501,1397.357881
0.0,1501,1427.747159
0.0,1501,1459.438139
0.0,1501,1490.549832
0.0,1501,1520.847532
0.0,1501,1551.63295
0.0,1501,1582.388053
0.0,1501,1613.320185
0.0,1501,1643.888344
0.0,1501,1675.740151
0.0,1501,1707.161445
0.0,1501,1738.984242
0.0,1501,1769.721695
0.0,1501,1801.01934
0.0,1501,1831.958949
0.0,1501,1863.042468
0.0,1501,1894.816805
0.0,1501,1925.699153
0.0,1501,1956.979598
0.0,1501,1988.342957
0.0,1501,2019.531889
0.0,1501,2142.557576
0.0,1501,2173.405988
0.0,1501,2203.533177
0.0,1501,2234.186065
0.0,1501,2265.247775
0.0,1501,2295.355914
0.0,1501,2325.488378
0.0,1501,2355.7104
0.0,1501,2386.701458
0.0,1501,2417.325242
0.0,1501,2447.663054
0.0,1501,2478.542732
0.0,1501,2508.694786
0.0,1501,2538.806252
0.0,1501,2568.957519
0.0,1501,2599.672137
0.0,1501,2630.368429
0.0,1501,2661.08215
0.0,1501,2691.446787
0.0,1501,2722.349471
0.0,1501,2753.901839
0.0,1501,2785.754316
0.0,1501,2816.464193
0.0,1501,2846.772163
0.0,1501,2876.537336
0.0,1501,2906.818735
0.0,1501,2937.320678
0.0,1501,2967.584438
0.0,1501,2999.134013
0.0,1501,3030.530061
0.0,1501,3061.307709
0.0,1501,3092.831275
0.0,1501,3123.892061
0.0,1501,3232.331577
0.0,1501,3263.047819
0.0,1501,3295.948519
0.0,1501,3327.173505
0.0,1501,3357.681514
0.0,1501,3388.476277
0.0,1501,3419.419228
0.0,1501,3451.104681
0.0,1501,3481.848154
0.0,1501,3512.91821
0.0,1501,3543.436616
0.0,1501,3574.56491
0.0,1501,3604.906307
0.0,1501,3635.944167
0.0,1501,3666.20177
0.0,1501,3697.491559
0.0,1501,3727.85623
0.0,1501,3758.645433
0.0,1501,3789.864367
0.0,1501,3820.644095
0.0,1501,3852.128228
0.0,1501,3883.010998
0.0,1501,3913.545364
0.0,1501,3944.037617
0.0,1501,3975.762401
0.0,1501,4006.232331
0.0,1501,4037.319973
0.0,1501,4068.473231
0.0,1501,4099.085683
0.0,1501,4130.70329
0.0,1501,4162.026129
0.0,1501,4192.82452
0.0,1501,4224.119201
0.0,1501,4255.76792
0.0,1501,4358.895097
0.0,1501,4390.209081
0.0,1501,4421.327433
0.0,1501,4453.60336
0.0,1501,4484.240777
0.0,1501,4514.8955
0.0,1501,4546.499444
0.0,1501,4577.281538
0.0,1501,4607.787502
0.0,1501,4638.098068
0.0,1501,4669.897255
0.0,1501,4701.063288
0.0,1501,4733.00455
0.0,1501,4765.138201
0.0,1501,4795.581565
0.0,1501,4827.348998
0.0,1501,4858.464929
0.0,1501,4889.597482
0.0,1501,4921.057226
0.0,1501,4952.11451
0.0,1501,4983.72794
0.0,1501,5014.544678
0.0,1501,5045.867983
0.0,1501,5077.74334
0.0,1501,5109.533
0.0,1501,5140.728859
0.0,1501,5172.375166
0.0,1501,5203.736132
0.0,1501,5235.626166
0.0,1501,5267.286919
0.0,1501,5298.623541
0.0,1501,5329.327867
0.0,1501,5361.110308
0.0,1501,5471.812291
0.0,1501,5502.720484
0.0,1501,5532.52069
0.0,1501,5563.977275
0.0,1501,5595.731012
0.0,1501,5627.219748
0.0,1501,5657.986539
0.0,1501,5689.320558
0.0,1501,5721.41506
0.0,1501,5752.405685
0.0,1501,5782.826608
0.0,1501,5813.283566
0.0,1501,5843.891039
0.0,1501,5874.530698
0.0,1501,5905.419938
0.0,1501,5936.556283
0.0,1501,5967.04748
0.0,1501,5998.236834
0.0,1501,6028.815016
0.0,1501,6059.35957
0.0,1501,6089.931465
0.0,1501,6121.360066
0.0,1501,6152.504166
0.0,1501,6183.93868
0.0,1501,6214.636918
0.0,1501,6246.819783
0.0,1501,6277.09285
0.0,1501,6307.800309
0.0,1501,6339.641924
0.0,1501,6369.754934
0.0,1501,6400.340991
0.0,1501,6431.312284
0.0,1501,6462.330237
0.0,1501,6567.856331
0.0,1501,6599.112268
0.0,1501,6630.055034
0.0,1501,6661.854176
0.0,1501,6693.368538
0.0,1501,6724.203633
0.0,1501,6754.867973
0.0,1501,6785.616355
0.0,1501,6817.073889
0.0,1501,6848.260875
0.0,1501,6879.969975
0.0,1501,6911.167722
0.0,1501,6942.323185
0.0,1501,6973.156493
0.0,1501,7003.918234
0.0,1501,7034.634579
0.0,1501,7065.563474
0.0,1501,7096.455295
0.0,1501,7127.234479
0.0,1501,7157.988248
0.0,1501,7188.634724
0.0,1501,7219.688471
0.0,1501,7250.526277
0.0,1501,7281.885459
0.0,1501,7312.949304
0.0,1501,7345.385069
0.0,1501,7376.692568
0.0,1501,7407.735163
0.0,1501,7439.687409
0.0,1501,7470.9646
0.0,1501,7501.803888
0.0,1501,7533.371763
0.0,1501,7564.353311
0.0,1501,7595.884884
0.0,1501,7708.674742
0.0,1501,7739.961105
0.0,1501,7771.029685
0.0,1501,7803.247895
0.0,1501,7834.260408
0.0,1501,7865.912325
0.0,1501,7897.156479
0.0,1501,7928.396339
0.0,1501,7959.340905
0.0,1501,7989.736156
0.0,1501,8021.258728
0.0,1501,8052.512516
0.0,1501,8085.557021
0.0,1501,8118.376722
0.0,1501,8149.884982
0.0,1501,8181.827739
0.0,1501,8212.755477
0.0,1501,8244.041414
0.0,1501,8276.185074
0.0,1501,8307.435202
0.0,1501,8337.974437
0.0,1501,8369.491494
0.0,1501,8401.823862
0.0,1501,8433.449852
0.0,1501,8465.222098
0.0,1501,8497.230688
0.0,1501,8528.226572
0.0,1501,8559.090977
0.0,1501,8591.723099
0.0,1501,8623.742463
0.0,1501,8654.555245
0.0,1501,8686.323935
0.0,1501,8717.066036
0.0,1501,8818.453192
0.0,1501,8849.52489
0.0,1501,8881.354624
0.0,1501,8912.97364
0.0,1501,8943.568628
0.0,1501,8974.155108
0.0,1501,9005.806486
0.0,1501,9036.088373
0.0,1501,9066.832486
0.0,1501,9097.247085
0.0,1501,9129.248279
0.0,1501,9161.565167
0.0,1501,9193.032756
0.0,1501,9224.119243
0.0,1501,9255.656628
0.0,1501,9287.700919
0.0,1501,9318.51319
0.0,1501,9351.037646
0.0,1501,9383.004344
0.0,1501,9414.115605
0.0,1501,9445.561771
0.0,1501,9476.844785
0.0,1501,9508.318014
0.0,1501,9539.260353
0.0,1501,9570.297406
0.0,1501,9602.571379
0.0,1501,9633.842916
0.0,1501,9665.096984
0.0,1501,9696.464905
0.0,1501,9726.55328
0.0,1501,9758.709594
0.0,1501,9790.843197
0.0,1501,9823.224832
0.0,1501,9924.756454
0.0,1501,9955.900573
0.0,1501,9987.374814
0.0,1501,10017.846588
0.0,1501,10048.730811
0.0,1501,10079.926697
0.0,1501,10111.510113
0.0,1501,10143.081912
0.0,1501,10173.56984
0.0,1501,10205.220822
0.0,1501,10236.378738
0.0,1501,10267.184858
0.0,1501,10299.220999
0.0,1501,10330.514324
0.0,1501,10361.571329
0.0,1501,10392.713947
0.0,1501,10424.137686
0.0,1501,10455.643293
0.0,1501,10488.167069
0.0,1501,10519.689678
0.0,1501,10550.697448
0.0,1501,10582.767113
0.0,1501,10614.791405
0.0,1501,10645.951905
0.0,1501,10676.687841
0.0,1501,10708.414772
0.0,1501,10739.608927
0.0,1501,10770.075648
0.0,1501,10801.43311
0.0,1501,10833.997461
0.0,1501,10865.407645
0.0,1501,10897.466792
0.0,1501,10929.595258
0.0,1501,10960.82178
0.0,1501,11061.889397
0.0,1501,11094.021989
0.0,1501,11126.248463
0.0,1501,11157.056641
0.0,1501,11188.897249
0.0,1501,11220.034242
0.0,1501,11251.251602
0.0,1501,11282.472676
0.0,1501,11313.91403
0.0,1501,11345.650727
0.0,1501,11377.981977
0.0,1501,11408.933818
0.0,1501,11440.352429
0.0,1501,11472.187595
0.0,1501,11503.603732
0.0,1501,11535.177054
0.0,1501,11566.387396
0.0,1501,11597.695642
0.0,1501,11629.089328
0.0,1501,11660.401997
0.0,1501,11691.509476
0.0,1501,11723.987399
0.0,1501,11755.342561
0.0,1501,11787.585268
0.0,1501,11819.049238
0.0,1501,11850.565415
0.0,1501,11882.278762
0.0,1501,11913.079762
0.0,1501,11944.763476
0.0,1501,11976.276843
0.0,1501,12007.449091
0.0,1501,12039.776875
0.0,1501,12070.89547
0.0,1501,12177.35301
0.0,1501,12209.529901
0.0,1501,12241.01166
0.0,1501,12272.548384
0.0,1501,12304.603768
0.0,1501,12335.132204
0.0,1501,12366.807909
0.0,1501,12398.52456
0.0,1501,12430.143234
0.0,1501,12461.823153
0.0,1501,12493.210442
0.0,1501,12524.35696
0.0,1501,12555.665951
0.0,1501,12588.116991
0.0,1501,12619.919947
0.0,1501,12651.55968
0.0,1501,12683.096187
0.0,1501,12714.375347
0.0,1501,12745.793444
0.0,1501,12776.968689
0.0,1501,12808.425525
0.0,1501,12840.300128
0.0,1501,12871.861356
0.0,1501,12903.340259
0.0,1501,12933.961977
0.0,1501,12965.547435
0.0,1501,12997.333823
0.0,1501,13029.413972
0.0,1501,13061.651631
0.0,1501,13094.220394
0.0,1501,13125.706042
0.0,1501,13156.365215
0.0,1501,13188.098011
0.0,1501,13293.658053
0.0,1501,13325.604254
0.0,1501,13356.733525
0.0,1501,13388.485929
0.0,1501,13421.575931
0.0,1501,13453.346715
0.0,1501,13484.593073
0.0,1501,13517.00037
0.0,1501,13549.037868
0.0,1501,13580.86305
0.0,1501,13612.167461
0.0,1501,13644.812031
0.0,1501,13676.236473
0.0,1501,13708.290287
0.0,1501,13740.863128
0.0,1501,13772.136304
0.0,1501,13803.857176
0.0,1501,13834.879289
0.0,1501,13865.798761
0.0,1501,13896.916144
0.0,1501,13928.680598
0.0,1501,13961.115494
0.0,1501,13993.404646
0.0,1501,14024.346616
0.0,1501,14056.592558
0.0,1501,14087.869172
0.0,1501,14119.836931
0.0,1501,14150.821317
0.0,1501,14183.746793
0.0,1501,14215.597095
0.0,1501,14246.571222
0.0,1501,14278.836897
0.0,1501,14311.20606
0.0,1501,14342.653945
0.0,1501,14446.580662
0.0,1501,14478.609344
0.0,1501,14510.198085
0.0,1501,14542.177832
0.0,1501,14573.739032
0.0,1501,14605.231923
0.0,1501,14636.72327
0.0,1501,14668.116498
0.0,1501,14699.595938
0.0,1501,14731.271471
0.0,1501,14763.54007
0.0,1501,14794.436864
0.0,1501,14825.728395
0.0,1501,14856.463026
0.0,1501,14888.408425
0.0,1501,14920.184281
0.0,1501,14953.230307
0.0,1501,14984.369656
0.0,1501,15016.740407
0.0,1501,15047.906967
0.0,1501,15081.640544
0.0,1501,15114.210503
0.0,1501,15146.264997
0.0,1501,15179.534811
0.0,1501,15210.853284
0.0,1501,15242.815394
0.0,1501,15274.578313
0.0,1501,15306.909187
0.0,1501,15338.494222
0.0,1501,15369.832814
0.0,1501,15401.6414
0.0,1501,15433.989684
0.0,1501,15465.738339
0.0,1501,15585.180023
0.0,1501,15616.523755
0.0,1501,15647.941916
0.0,1501,15679.156534
0.0,1501,15712.44794
0.0,1501,15743.676078
0.0,1501,15776.203792
0.0,1501,15808.449397
0.0,1501,15840.096863
0.0,1501,15871.831378
0.0,1501,15902.719383
0.0,1501,15933.719982
0.0,1501,15964.948568
0.0,1501,15996.41253
0.0,1501,16028.354516
0.0,1501,16060.236037
0.0,1501,16091.153475
0.0,1501,16123.379584
0.0,1501,16155.478246
0.0,1501,16188.88146
0.0,1501,16220.332129
0.0,1501,16252.919919
0.0,1501,16284.56513
0.0,1501,16316.584588
0.0,1501,16348.298513
0.0,1501,16379.43292
0.0,1501,16410.826508
0.0,1501,16442.263712
0.0,1501,16473.23132
0.0,1501,16504.37217
0.0,1501,16535.82087
0.0,1501,16567.797946
0.0,1501,16598.980599
0.0,1501,16724.527503
0.0,1501,16756.217135
0.0,1501,16787.742105
0.0,1501,16819.795273
0.0,1501,16851.012169
0.0,1501,16883.154316
0.0,1501,16914.770878
0.0,1501,16947.93356
0.0,1501,16979.287298
0.0,1501,17011.412699
0.0,1501,17042.854788
0.0,1501,17074.788174
0.0,1501,17106.550064
0.0,1501,17138.95704
0.0,1501,17170.617341
0.0,1501,17203.606683
0.0,1501,17235.266092
0.0,1501,17267.608542
0.0,1501,17299.788784
0.0,1501,17331.663114
0.0,1501,17362.742427
0.0,1501,17394.436085
0.0,1501,17428.218634
0.0,1501,17458.974902
0.0,1501,17491.769748
0.0,1501,17523.685902
0.0,1501,17554.409563
0.0,1501,17585.569652
0.0,1501,17617.075355
0.0,1501,17648.543889
0.0,1501,17681.533599
0.0,1501,17712.868708
0.0,1501,17744.032471
0.0,1501,17854.929401
0.0,1501,17888.210237
0.0,1501,17921.838096
0.0,1501,17954.670252
0.0,1501,17986.977116
0.0,1501,18019.328223
0.0,1501,18050.675245
0.0,1501,18082.936549
0.0,1501,18115.757987
0.0,1501,18147.313046
0.0,1501,18178.578284
0.0,1501,18210.739076
0.0,1501,18242.507966
0.0,1501,18274.068692
0.0,1501,18306.901824
0.0,1501,18339.092489
0.0,1501,18371.003335
0.0,1501,18403.154515
0.0,1501,18435.478658
0.0,1501,18467.216819
0.0,1501,18498.820526
0.0,1501,18530.439669
0.0,1501,18562.181742
0.0,1501,18594.513299
0.0,1501,18627.24876
0.0,1501,18659.082681
0.0,1501,18690.748254
0.0,1501,18722.181529
0.0,1501,18755.203882
0.0,1501,18787.22101
0.0,1501,18818.864947
0.0,1501,18850.697649
0.0,1501,18881.247042
0.0,1501,18913.106885
0.0,1501,19022.944347
0.0,1501,19055.754854
0.0,1501,19087.62902
0.0,1501,19118.780832
0.0,1501,19150.073092
0.0,1501,19182.092236
0.0,1501,19213.045981
0.0,1501,19244.29362
0.0,1501,19275.096184
0.0,1501,19307.277838
0.0,1501,19338.593258
0.0,1501,19368.625021
0.0,1501,19402.377737
0.0,1501,19434.268004
0.0,1501,19468.963115
0.0,1501,19503.298264
0.0,1501,19536.030957
0.0,1501,19571.665998
0.0,1501,19604.891197
0.0,1501,19637.889149
0.0,1501,19668.714609
0.0,1501,19699.732547
0.0,1501,19731.899758
0.0,1501,19763.618598
0.0,1501,19795.692404
0.0,1501,19828.015485
0.0,1501,19858.825173
0.0,1501,19891.726139
0.0,1501,19922.814082
0.0,1501,19955.076756
0.0,1501,19986.936833
0.0,1501,20019.448939
0.0,1501,20052.247258
0.0,1501,20156.945626
0.0,1501,20191.387111
0.0,1501,20224.266299
0.0,1501,20255.884386
0.0,1501,20287.979305
0.0,1501,20319.215689
0.0,1501,20351.204897
0.0,1501,20382.317096
0.0,1501,20413.266048
0.0,1501,20444.78692
0.0,1501,20477.363834
0.0,1501,20509.626
0.0,1501,20541.012156
0.0,1501,20573.67993
0.0,1501,20605.524929
0.0,1501,20637.53643
0.0,1501,20668.580023
0.0,1501,20700.115126
0.0,1501,20732.496266
0.0,1501,20763.699172
0.0,1501,20795.082221
0.0,1501,20826.172157
0.0,1501,20858.694411
0.0,1501,20890.184805
0.0,1501,20921.543771
0.0,1501,20953.7658
0.0,1501,20985.16007
0.0,1501,21017.731678
0.0,1501,21050.510027
0.0,1501,21081.768254
0.0,1501,21114.139952
0.0,1501,21145.994175
0.0,1501,21179.979863
0.0,1501,21289.011617
0.0,1501,21320.599911
0.0,1501,21352.557478
0.0,1501,21384.252993
0.0,1501,21417.252948
0.0,1501,21448.452327
0.0,1501,21481.736963
0.0,1501,21513.267154
0.0,1501,21545.380425
0.0,1501,21576.822547
0.0,1501,21608.972921
0.0,1501,21640.629873
0.0,1501,21672.359558
0.0,1501,21703.947894
0.0,1501,21735.23594
0.0,1501,21766.64043
0.0,1501,21799.245886
0.0,1501,21830.552323
0.0,1501,21861.799862
0.0,1501,21894.39019
0.0,1501,21926.798281
0.0,1501,21958.222735
0.0,1501,21990.697325
0.0,1501,22022.781695
0.0,1501,22054.033568
0.0,1501,22086.786973
0.0,1501,22118.851054
0.0,1501,22150.428052
0.0,1501,22182.651841
0.0,1501,22214.143546
0.0,1501,22245.802465
0.0,1501,22279.434732
0.0,1501,22310.69413
0.0,1501,22342.516733
0.0,1501,22453.170429
0.0,1501,22486.910818
0.0,1501,22518.99227
0.0,1501,22551.240933
0.0,1501,22582.329756
0.0,1501,22615.297374
0.0,1501,22647.916293
0.0,1501,22679.669254
0.0,1501,22711.399173
0.0,1501,22742.724861
0.0,1501,22774.118962
0.0,1501,22806.090236
0.0,1501,22837.708971
0.0,1501,22869.175636
0.0,1501,22900.829416
0.0,1501,22934.431827
0.0,1501,22967.656876
0.0,1501,23000.999887
0.0,1501,23032.497048
0.0,1501,23064.045245
0.0,1501,23095.22914
0.0,1501,23127.331694
0.0,1501,23158.789175
0.0,1501,23190.404995
0.0,1501,23221.9995
0.0,1501,23252.837877
0.0,1501,23284.543512
0.0,1501,23317.205169
0.0,1501,23350.931088
0.0,1501,23382.335043
0.0,1501,23413.289849
0.0,1501,23444.638634
0.0,1501,23476.50743
0.0,1501,23586.304471
0.0,1501,23618.831678
0.0,1501,23652.096027
0.0,1501,23685.241786
0.0,1501,23717.261331
0.0,1501,23750.622167
0.0,1501,23782.515408
0.0,1501,23814.243583
0.0,1501,23846.029187
0.0,1501,23877.683611
0.0,1501,23910.713134
0.0,1501,23942.185439
0.0,1501,23975.764995
0.0,1501,24006.928004
0.0,1501,24039.104229
0.0,1501,24071.242748
0.0,1501,24102.890471
0.0,1501,24134.471108
0.0,1501,24167.025079
0.0,1501,24199.032447
0.0,1501,24230.669074
0.0,1501,24264.942325
0.0,1501,24297.189569
0.0,1501,24330.368408
0.0,1501,24362.116394
0.0,1501,24394.216067
0.0,1501,24425.581744
0.0,1501,24458.449934
0.0,1501,24489.618634
0.0,1501,24522.045632
0.0,1501,24555.789554
0.0,1501,24587.075025
0.0,1501,24619.099357
0.0,1501,24728.71324
0.0,1501,24760.048756
0.0,1501,24792.047005
0.0,1501,24824.495483
0.0,1501,24857.982613
0.0,1501,24889.312246
0.0,1501,24922.839762
0.0,1501,24953.314342
0.0,1501,24984.744455
0.0,1501,25015.895009
0.0,1501,25047.693919
0.0,1501,25079.195942
0.0,1501,25111.042096
0.0,1501,25144.836835
0.0,1501,25178.685726
0.0,1501,25211.014303
0.0,1501,25243.152454
0.0,1501,25274.873367
0.0,1501,25307.776549
0.0,1501,25340.807928
0.0,1501,25373.818698
0.0,1501,25405.779573
0.0,1501,25437.876057
0.0,1501,25471.073165
0.0,1501,25502.528946
0.0,1501,25534.7425
0.0,1501,25566.507428
0.0,1501,25598.95898
0.0,1501,25630.515583
0.0,1501,25664.384138
0.0,1501,25696.202186
0.0,1501,25727.840014
0.0,1501,25760.857004
0.0,1501,25792.737446
0.0,1501,25914.189487
0.0,1501,25945.824837
0.0,1501,25977.981056
0.0,1501,26009.988101
0.0,1501,26044.003078
0.0,1501,26075.981742
0.0,1501,26107.351552
0.0,1501,26138.978687
0.0,1501,26172.1279
0.0,1501,26203.692664
0.0,1501,26234.940691
0.0,1501,26266.421934
0.0,1501,26297.626622
0.0,1501,26331.275265
0.0,1501,26363.395855
0.0,1501,26397.495193
0.0,1501,26429.349233
0.0,1501,26462.353883
0.0,1501,26492.95459
0.0,1501,26524.784335
0.0,1501,26556.768616
0.0,1501,26588.867654
0.0,1501,26622.258121
0.0,1501,26653.822256
0.0,1501,26685.718204
0.0,1501,26717.530543
0.0,1501,26749.05546
0.0,1501,26781.109351
0.0,1501,26813.090258
0.0,1501,26844.555087
0.0,1501,26876.655763
0.0,1501,26908.928246
0.0,1501,26940.889509
0.0,1501,27059.307051
0.0,1501,27092.22677
0.0,1501,27123.897013
0.0,1501,27156.101177
0.0,1501,27189.378984
0.0,1501,27221.011551
0.0,1501,27252.771186
0.0,1501,27284.907236
0.0,1501,27316.43228
0.0,1501,27348.55719
0.0,1501,27382.18712
0.0,1501,27414.450515
0.0,1501,27446.543844
0.0,1501,27480.307966
0.0,1501,27512.432655
0.0,1501,27545.227796
0.0,1501,27577.882073
0.0,1501,27612.944455
0.0,1501,27645.06174
0.0,1501,27677.638222
0.0,1501,27710.502961
0.0,1501,27742.821625
0.0,1501,27775.946645
0.0,1501,27807.685743
0.0,1501,27840.035405
0.0,1501,27872.16385
0.0,1501,27903.920446
0.0,1501,27935.477854
0.0,1501,27968.766521
0.0,1501,28000.32743
0.0,1501,28032.708808
0.0,1501,28064.797619
0.0,1501,28097.966829
0.0,1501,28214.256737
0.0,1501,28246.492908
0.0,1501,28278.412226
0.0,1501,28310.627773
0.0,1501,28343.540371
0.0,1501,28375.276816
0.0,1501,28406.772409
0.0,1501,28438.799277
0.0,1501,28470.944285
0.0,1501,28502.747209
0.0,1501,28534.267075
0.0,1501,28565.445171
0.0,1501,28597.327168
0.0,1501,28629.20537
0.0,1501,28662.906353
0.0,1501,28694.741891
0.0,1501,28727.294993
0.0,1501,28759.253144
0.0,1501,28791.12031
0.0,1501,28822.96374
0.0,1501,28854.72646
0.0,1501,28888.318885
0.0,1501,28922.451006
0.0,1501,28954.163305
0.0,1501,28985.735744
0.0,1501,29018.09098
0.0,1501,29050.912988
0.0,1501,29083.053185
0.0,1501,29115.844484
0.0,1501,29147.620619
0.0,1501,29179.85618
0.0,1501,29212.039087
0.0,1501,29244.289867
0.0,1501,29278.863819
0.0,1501,29391.508019
0.0,1501,29423.239594
0.0,1501,29456.921375
0.0,1501,29489.101395
0.0,1501,29522.021229
0.0,1501,29552.359217
0.0,1501,29585.793833
0.0,1501,29618.243106
0.0,1501,29650.970484
0.0,1501,29682.773427
0.0,1501,29713.725233
0.0,1501,29745.421175
0.0,1501,29776.818284
0.0,1501,29810.287778
0.0,1501,29841.719242
0.0,1501,29874.038349
0.0,1501,29906.136559
0.0,1501,29937.813743
0.0,1501,29969.840301
0.0,1501,30004.364269
0.0,1501,30036.608414
0.0,1501,30070.199196
0.0,1501,30103.267264
0.0,1501,30136.012646
0.0,1501,30167.94173
0.0,1501,30200.317578
0.0,1501,30232.397219
0.0,1501,30264.333725
0.0,1501,30296.050661
0.0,1501,30329.641991
0.0,1501,30361.744766
0.0,1501,30393.229905
0.0,1501,30424.65573
0.0,1501,30549.65184
0.0,1501,30581.541479
0.0,1501,30615.3629
0.0,1501,30647.329051
0.0,1501,30679.951498
0.0,1501,30712.475524
0.0,1501,30744.650128
0.0,1501,30776.763115
0.0,1501,30808.618629
0.0,1501,30840.581068
0.0,1501,30872.823709
0.0,1501,30905.783431
0.0,1501,30937.510775
0.0,1501,30970.106756
0.0,1501,31001.635699
0.0,1501,31034.321959
0.0,1501,31067.088873
0.0,1501,31098.577932
0.0,1501,31131.099047
0.0,1501,31162.984435
0.0,1501,31196.581797
0.0,1501,31229.12193
0.0,1501,31261.068611
0.0,1501,31293.030987
0.0,1501,31325.888346
0.0,1501,31358.200549
0.0,1501,31389.645495
0.0,1501,31421.311555
0.0,1501,31453.415136
0.0,1501,31485.396705
0.0,1501,31517.659136
0.0,1501,31549.588082
0.0,1501,31581.136439
0.0,1501,31687.812995
0.0,1501,31719.872193
0.0,1501,31752.452956
0.0,1501,31784.821356
0.0,1501,31818.942256
0.0,1501,31850.594918
0.0,1501,31882.443175
0.0,1501,31915.027167
0.0,1501,31948.074595
0.0,1501,31980.15532
0.0,1501,32011.909269
0.0,1501,32044.000199
0.0,1501,32076.8476
0.0,1501,32108.884114
0.0,1501,32141.177986
0.0,1501,32173.676139
0.0,1501,32204.211137
0.0,1501,32235.851592
0.0,1501,32269.342533
0.0,1501,32301.129833
0.0,1501,32333.036181
0.0,1501,32365.412768
0.0,1501,32397.880301
0.0,1501,32431.222048
0.0,1501,32463.836561
0.0,1501,32496.353218
0.0,1501,32529.766618
0.0,1501,32561.655153
0.0,1501,32593.77593
0.0,1501,32627.428638
0.0,1501,32659.557982
0.0,1501,32693.363302
0.0,1501,32725.026168
0.0,1501,32756.893799
0.0,1501,32862.770044
0.0,1501,32896.034183
0.0,1501,32928.156241
0.0,1501,32959.673597
0.0,1501,32992.139948
0.0,1501,33023.820019
0.0,1501,33056.128327
0.0,1501,33087.876299
0.0,1501,33120.508929
0.0,1501,33152.027004
0.0,1501,33184.653739
0.0,1501,33216.711603
0.0,1501,33249.531201
0.0,1501,33282.145496
0.0,1501,33313.936271
0.0,1501,33346.726324
0.0,1501,33378.174178
0.0,1501,33409.479011
0.0,1501,33442.052342
0.0,1501,33475.081533
0.0,1501,33507.424593
0.0,1501,33539.392026
0.0,1501,33573.168385
0.0,1501,33605.262242
0.0,1501,33637.818052
0.0,1501,33670.358692
0.0,1501,33704.31938
0.0,1501,33736.032173
0.0,1501,33769.172567
0.0,1501,33800.722341
0.0,1501,33833.223119
0.0,1501,33865.732213
0.0,1501,33898.069757
0.0,1501,34020.35026
0.0,1501,34051.885623
0.0,1501,34083.653786
0.0,1501,34117.086914
0.0,1501,34149.561972
0.0,1501,34181.596565
0.0,1501,34213.411975
0.0,1501,34245.136971
0.0,1501,34277.553048
0.0,1501,34311.233464
0.0,1501,34343.170424
0.0,1501,34375.396678
0.0,1501,34407.91763
0.0,1501,34440.643831
0.0,1501,34472.66801
0.0,1501,34504.126938
0.0,1501,34537.397305
0.0,1501,34568.257546
0.0,1501,34600.22869
0.0,1501,34632.837387
0.0,1501,34664.835417
0.0,1501,34696.662562
0.0,1501,34728.962122
0.0,1501,34760.418031
0.0,1501,34792.27631
0.0,1501,34824.257538
0.0,1501,34855.37528
0.0,1501,34886.992211
0.0,1501,34919.157876
0.0,1501,34952.760955
0.0,1501,34985.933747
0.0,1501,35019.55688
0.0,1501,35051.275695
0.0,1501,35157.435199
0.0,1501,35190.267869
0.0,1501,35221.883626
0.0,1501,35253.786614
0.0,1501,35285.729455
0.0,1501,35317.893821
0.0,1501,35349.280852
0.0,1501,35380.877003
0.0,1501,35413.170359
0.0,1501,35443.99516
0.0,1501,35476.533743
0.0,1501,35510.468381
0.0,1501,35542.436321
0.0,1501,35574.531404
0.0,1501,35607.162033
0.0,1501,35638.930589
0.0,1501,35670.947559
0.0,1501,35702.898314
0.0,1501,35735.460774
0.0,1501,35767.095792
0.0,1501,35799.485325
0.0,1501,35831.540449
0.0,1501,35863.878908
0.0,1501,35896.319347
0.0,1501,35928.5723
0.0,1501,35961.015598
0.0,1501,35991.912932
0.0,1501,36024.725981
0.0,1501,36056.700269
0.0,1501,36089.305789
0.0,1501,36123.916536
0.0,1501,36157.294615
0.0,1501,36189.693508
0.0,1501,36293.534014
0.0,1501,36327.87995
0.0,1501,36360.4275
0.0,1501,36393.543808
0.0,1501,36425.659931
0.0,1501,36457.203183
0.0,1501,36489.316057
0.0,1501,36520.544496
0.0,1501,36552.341794
0.0,1501,36586.310192
0.0,1501,36619.232712
0.0,1501,36652.231515
0.0,1501,36685.158874
0.0,1501,36717.956869
0.0,1501,36750.681645
0.0,1501,36784.034556
0.0,1501,36816.682218
0.0,1501,36848.936089
0.0,1501,36882.804991
0.0,1501,36915.362594
0.0,1501,36948.384072
0.0,1501,36980.106025
0.0,1501,37012.750131
0.0,1501,37044.938493
0.0,1501,37077.379787
0.0,1501,37110.33775
0.0,1501,37143.601818
0.0,1501,37175.108786
0.0,1501,37206.751027
0.0,1501,37238.486226
0.0,1501,37270.7212
0.0,1501,37303.656699
0.0,1501,37335.880252
0.0,1501,37368.089866
0.0,1501,37482.183064
0.0,1501,37515.190488
0.0,1501,37547.663898
0.0,1501,37579.990787
0.0,1501,37612.751243
0.0,1501,37645.031265
0.0,1501,37678.401393
0.0,1501,37711.456632
0.0,1501,37743.601005
0.0,1501,37775.928691
0.0,1501,37809.120511
0.0,1501,37842.12338
0.0,1501,37875.48298
0.0,1501,37909.697775
0.0,1501,37942.040046
0.0,1501,37974.26356
0.0,1501,38007.184509
0.0,1501,38040.74962
0.0,1501,38074.139437
0.0,1501,38106.292831
0.0,1501,38138.593786
0.0,1501,38171.2555
0.0,1501,38203.940625
0.0,1501,38237.174762
0.0,1501,38270.866233
0.0,1501,38303.086637
0.0,1501,38335.87744
0.0,1501,38369.097606
0.0,1501,38401.874826
0.0,1501,38435.321594
0.0,1501,38467.868334
0.0,1501,38501.113816
0.0,1501,38535.099377
0.0,1501,38657.316923
0.0,1501,38689.200044
0.0,1501,38722.555669
0.0,1501,38755.100206
0.0,1501,38789.336066
0.0,1501,38822.29938
0.0,1501,38853.725736
0.0,1501,38886.684232
0.0,1501,38920.302639
0.0,1501,38952.713582
0.0,1501,38986.734927
0.0,1501,39019.372359
0.0,1501,39052.896915
0.0,1501,39084.210272
0.0,1501,39117.399014
0.0,1501,39149.489686
0.0,1501,39181.091463
0.0,1501,39213.354304
0.0,1501,39245.324987
0.0,1501,39279.320052
0.0,1501,39313.290232
0.0,1501,39345.080601
0.0,1501,39377.502511
0.0,1501,39409.570096
0.0,1501,39441.770005
0.0,1501,39473.897898
0.0,1501,39505.48801
0.0,1501,39538.137796
0.0,1501,39570.504596
0.0,1501,39603.22571
0.0,1501,39635.884936
0.0,1501,39668.645377
0.0,1501,39700.444585
0.0,1501,39814.26141
0.0,1501,39847.562207
0.0,1501,39879.958124
0.0,1501,39912.624789
0.0,1501,39946.012218
0.0,1501,39978.063261
0.0,1501,40012.317174
0.0,1501,40043.936794
0.0,1501,40076.220303
0.0,1501,40108.424655
0.0,1501,40140.658931
0.0,1501,40173.398939
0.0,1501,40206.215443
0.0,1501,40238.477174
0.0,1501,40271.238508
0.0,1501,40304.342771
0.0,1501,40336.764263
0.0,1501,40369.112163
0.0,1501,40401.896951
0.0,1501,40433.968768
0.0,1501,40465.672759
0.0,1501,40496.955509
0.0,1501,40528.388214
0.0,1501,40560.749632
0.0,1501,40592.81562
0.0,1501,40624.532154
0.0,1501,40658.189078
0.0,1501,40691.687689
0.0,1501,40723.668667
0.0,1501,40756.585865
0.0,1501,40788.060835
0.0,1501,40820.57074
0.0,1501,40853.170733
0.0,1501,40884.495997
0.0,1501,41000.236305
0.0,1501,41032.594265
0.0,1501,41065.272713
0.0,1501,41097.698185
0.0,1501,41129.9259
0.0,1501,41162.71946
0.0,1501,41194.335058
0.0,1501,41225.427106
0.0,1501,41256.865457
0.0,1501,41289.339487
0.0,1501,41322.266689
0.0,1501,41353.99332
0.0,1501,41387.324424
0.0,1501,41420.119349
0.0,1501,41451.949074
0.0,1501,41484.291508
0.0,1501,41515.800205
0.0,1501,41547.677198
0.0,1501,41579.119579
0.0,1501,41612.854486
0.0,1501,41645.13874
0.0,1501,41676.60699
0.0,1501,41708.409377
0.0,1501,41739.860379
0.0,1501,41772.60803
0.0,1501,41805.197524
0.0,1501,41836.977773
0.0,1501,41870.956447
0.0,1501,41903.410284
0.0,1501,41936.0777
0.0,1501,41968.651613
0.0,1501,42000.804029
0.0,1501,42033.677249
0.0,1501,42149.425048
0.0,1501,42182.674627
0.0,1501,42215.445669
0.0,1501,42247.626634
0.0,1501,42279.475213
0.0,1501,42311.993733
0.0,1501,42344.530027
0.0,1501,42376.862897
0.0,1501,42409.451416
0.0,1501,42441.83153
0.0,1501,42474.618282
0.0,1501,42506.687185
0.0,1501,42539.534778
0.0,1501,42571.645917
0.0,1501,42604.046979
0.0,1501,42635.890577
0.0,1501,42668.542814
0.0,1501,42700.607381
0.0,1501,42734.013844
0.0,1501,42766.538156
0.0,1501,42800.695577
0.0,1501,42834.448051
0.0,1501,42866.82469
0.0,1501,42899.142095
0.0,1501,42931.506922
0.0,1501,42963.143892
0.0,1501,42994.778007
0.0,1501,43027.235647
0.0,1501,43059.176892
0.0,1501,43091.006015
0.0,1501,43123.483373
0.0,1501,43154.943573
0.0,1501,43186.865578
0.0,1501,43299.534508
0.0,1501,43331.281176
0.0,1501,43363.5031
0.0,1501,43396.575921
0.0,1501,43429.041301
0.0,1501,43461.080768
0.0,1501,43494.10196
0.0,1501,43526.632849
0.0,1501,43558.847616
0.0,1501,43590.554909
0.0,1501,43622.687548
0.0,1501,43654.656548
0.0,1501,43686.687285
0.0,1501,43719.076434
0.0,1501,43751.669803
0.0,1501,43784.02976
0.0,1501,43816.473411
0.0,1501,43848.113701
0.0,1501,43880.152819
0.0,1501,43911.956958
0.0,1501,43944.109951
0.0,1501,43975.929189
0.0,1501,44007.319748
0.0,1501,44040.144295
0.0,1501,44072.761108
0.0,1501,44104.851038
0.0,1501,44136.760208
0.0,1501,44169.034887
0.0,1501,44201.106896
0.0,1501,44233.297132
0.0,1501,44266.02602
0.0,1501,44298.003387
0.0,1501,44329.828048
0.0,1501,44361.887091
0.0,1501,44470.395704
0.0,1501,44502.846824
0.0,1501,44534.204994
0.0,1501,44566.088728
0.0,1501,44598.641136
0.0,1501,44630.845417
0.0,1501,44662.517501
0.0,1501,44694.582543
0.0,1501,44727.116799
0.0,1501,44759.592535
0.0,1501,44792.101907
0.0,1501,44824.613112
0.0,1501,44856.656351
0.0,1501,44888.837549
0.0,1501,44920.761437
0.0,1501,44952.748253
0.0,1501,44985.533368
0.0,1501,45017.071928
0.0,1501,45049.117138
0.0,1501,45081.423382
0.0,1501,45112.874182
0.0,1501,45144.952646
0.0,1501,45176.441151
0.0,1501,45208.626481
0.0,1501,45240.883594
0.0,1501,45272.756739
0.0,1501,45304.541246
0.0,1501,45337.280308
0.0,1501,45369.049446
0.0,1501,45400.958064
0.0,1501,45433.003658
0.0,1501,45465.145783
0.0,1501,45496.868175
0.0,1501,45609.017158
0.0,1501,45640.978598
0.0,1501,45673.256915
0.0,1501,45705.630295
0.0,1501,45738.46918
0.0,1501,45770.417089
0.0,1501,45802.651963
0.0,1501,45834.90524
0.0,1501,45867.842153
0.0,1501,45899.553706
0.0,1501,45931.981841
0.0,1501,45965.697582
0.0,1501,45997.821921
0.0,1501,46029.877902
0.0,1501,46062.191522
0.0,1501,46094.547582
0.0,1501,46127.101797
0.0,1501,46159.316036
0.0,1501,46191.921867
0.0,1501,46224.562603
0.0,1501,46257.099747
0.0,1501,46289.588955
0.0,1501,46322.79389
0.0,1501,46354.980083
0.0,1501,46387.604856
0.0,1501,46420.259028
0.0,1501,46452.815948
0.0,1501,46484.79576
0.0,1501,46517.201383
0.0,1501,46549.371084
0.0,1501,46581.505109
0.0,1501,46613.988356
0.0,1501,46646.451982
0.0,1501,46767.032275
0.0,1501,46799.346407
0.0,1501,46832.177405
0.0,1501,46864.550004
0.0,1501,46896.448572
0.0,1501,46929.267775
0.0,1501,46961.514998
0.0,1501,46992.705884
0.0,1501,47024.799775
0.0,1501,47057.175586
0.0,1501,47089.16519
0.0,1501,47121.716514
0.0,1501,47154.389549
0.0,1501,47186.492392
0.0,1501,47219.290578
0.0,1501,47252.054866
0.0,1501,47284.729602
0.0,1501,47316.535141
0.0,1501,47349.194015
0.0,1501,47381.213963
0.0,1501,47414.071946
0.0,1501,47446.033522
0.0,1501,47478.57286
0.0,1501,47510.728439
0.0,1501,47542.446735
0.0,1501,47575.047465
0.0,1501,47607.2196
0.0,1501,47640.172242
0.0,1501,47671.891614
0.0,1501,47703.906885
0.0,1501,47736.1448
0.0,1501,47767.834648
0.0,1501,47800.622185
0.0,1501,47832.644995
0.0,1501,47938.475378
0.0,1501,47970.115964
0.0,1501,48002.329365
0.0,1501,48034.315365
0.0,1501,48066.901385
0.0,1501,48099.784781
0.0,1501,48132.550962
0.0,1501,48164.749029
0.0,1501,48197.921183
0.0,1501,48230.735186
0.0,1501,48263.000804
0.0,1501,48296.02595
0.0,1501,48329.008255
0.0,1501,48361.737844
0.0,1501,48394.377806
0.0,1501,48426.096299
0.0,1501,48458.525308
0.0,1501,48491.336213
0.0,1501,48523.293544
0.0,1501,48555.24384
0.0,1501,48587.532861
0.0,1501,48620.090102
0.0,1501,48650.726449
0.0,1501,48679.886092
0.0,1501,48711.600362
0.0,1501,48743.955081
0.0,1501,48777.255087
0.0,1501,48809.033486
0.0,1501,48841.981452
0.0,1501,48875.362077
0.0,1501,48907.314431
0.0,1501,48939.644817
0.0,1501,48971.387342
0.0,1501,49088.85606
0.0,1501,49121.32524
0.0,1501,49153.471915
0.0,1501,49185.422104
0.0,1501,49217.629333
0.0,1501,49250.060935
0.0,1501,49281.186784
0.0,1501,49313.524197
0.0,1501,49345.429811
0.0,1501,49377.441691
0.0,1501,49409.659172
0.0,1501,49442.085539
0.0,1501,49474.035402
0.0,1501,49506.08664
0.0,1501,49538.297302
0.0,1501,49569.748434
0.0,1501,49601.247657
0.0,1501,49633.299287
0.0,1501,49665.638216
0.0,1501,49697.914062
0.0,1501,49729.991104
0.0,1501,49761.798252
0.0,1501,49793.521447
0.0,1501,49825.648882
0.0,1501,49857.401914
0.0,1501,49889.054092
0.0,1501,49920.592187
0.0,1501,49953.445981
0.0,1501,49984.927878
0.0,1501,50016.407304
0.0,1501,50047.554591
0.0,1501,50079.398048
0.0,1501,50111.259638
0.0,1501,50217.761866
0.0,1501,50249.795946
0.0,1501,50282.061568
0.0,1501,50314.541836
0.0,1501,50346.742522
0.0,1501,50378.861065
0.0,1501,50410.495934
0.0,1501,50442.540089
0.0,1501,50474.279051
0.0,1501,50506.809212
0.0,1501,50537.636789
0.0,1501,50569.206301
0.0,1501,50601.174316
0.0,1501,50632.916599
0.0,1501,50665.131794
0.0,1501,50697.301275
0.0,1501,50729.594288
0.0,1501,50762.210231
0.0,1501,50793.898039
0.0,1501,50826.040108
0.0,1501,50857.675411
0.0,1501,50889.682265
0.0,1501,50922.073853
0.0,1501,50954.129804
0.0,1501,50986.561606
0.0,1501,51019.193321
0.0,1501,51051.133144
0.0,1501,51083.609803
0.0,1501,51115.658621
0.0,1501,51147.173971
0.0,1501,51179.239191
0.0,1501,51211.505358
0.0,1501,51244.255043
0.0,1501,51276.989799
0.0,1501,51382.880455
0.0,1501,51414.706017
0.0,1501,51446.495413
0.0,1501,51479.360165
0.0,1501,51510.944276
0.0,1501,51543.403238
0.0,1501,51575.058193
0.0,1501,51607.787585
0.0,1501,51640.271087
0.0,1501,51671.845159
0.0,1501,51703.694188
0.0,1501,51735.672008
0.0,1501,51768.0793
0.0,1501,51800.439928
0.0,1501,51833.025464
0.0,1501,51864.5919
0.0,1501,51897.531839
0.0,1501,51929.892154
0.0,1501,51962.43823
0.0,1501,51995.195874
0.0,1501,52027.805051
0.0,1501,52060.341724
0.0,1501,52092.610017
0.0,1501,52125.314939
0.0,1501,52157.652898
0.0,1501,52190.596441
0.0,1501,52222.700547
0.0,1501,52254.916206
0.0,1501,52287.000489
0.0,1501,52319.014742
0.0,1501,52350.963063
0.0,1501,52383.181463
0.0,1501,52415.305096
0.0,1501,52527.839932
0.0,1501,52560.103129
0.0,1501,52592.8214
0.0,1501,52625.102015
0.0,1501,52657.618616
0.0,1501,52689.135066
0.0,1501,52722.106764
0.0,1501,52754.446786
0.0,1501,52787.348073
0.0,1501,52819.435976
0.0,1501,52851.63415
0.0,1501,52883.659276
0.0,1501,52916.400183
0.0,1501,52948.622559
0.0,1501,52980.406842
0.0,1501,53012.596841
0.0,1501,53045.711207
0.0,1501,53077.731805
0.0,1501,53110.028031
0.0,1501,53142.590234
0.0,1501,53175.276114
0.0,1501,53208.265848
0.0,1501,53241.144187
0.0,1501,53273.466137
0.0,1501,53306.363561
0.0,1501,53339.808917
0.0,1501,53372.49613
0.0,1501,53404.785154
0.0,1501,53437.630356
0.0,1501,53469.784519
0.0,1501,53501.924664
0.0,1501,53534.620725
0.0,1501,53566.830028
0.0,1501,53683.455822
0.0,1501,53715.918519
0.0,1501,53748.879595
0.0,1501,53781.933354
0.0,1501,53813.85861
0.0,1501,53846.406481
0.0,1501,53878.510495
0.0,1501,53910.715674
0.0,1501,53942.96494
0.0,1501,53976.118056
0.0,1501,54008.920455
0.0,1501,54041.090085
0.0,1501,54073.479986
0.0,1501,54105.613134
0.0,1501,54137.86451
0.0,1501,54170.34531
0.0,1501,54202.799981
0.0,1501,54235.094516
0.0,1501,54267.565775
0.0,1501,54299.601511
0.0,1501,54333.255916
0.0,1501,54365.064704
0.0,1501,54397.691733
0.0,1501,54430.582186
0.0,1501,54462.980221
0.0,1501,54496.617579
0.0,1501,54529.029913
0.0,1501,54561.1572
0.0,1501,54593.686373
0.0,1501,54627.276169
0.0,1501,54659.723898
0.0,1501,54692.843861
0.0,1501,54725.74871
0.0,1501,54831.877887
0.0,1501,54864.094106
0.0,1501,54896.81091
0.0,1501,54929.52004
0.0,1501,54962.038281
0.0,1501,54994.51074
0.0,1501,55026.585649
0.0,1501,55058.712844
0.0,1501,55090.992893
0.0,1501,55122.962534
0.0,1501,55155.372241
0.0,1501,55187.95624
0.0,1501,55220.278261
0.0,1501,55252.770367
0.0,1501,55285.488472
0.0,1501,55317.921994
0.0,1501,55350.375827
0.0,1501,55382.927946
0.0,1501,55416.100449
0.0,1501,55448.013944
0.0,1501,55479.5818
0.0,1501,55512.057533
0.0,1501,55543.795506
0.0,1501,55576.519061
0.0,1501,55608.803693
0.0,1501,55640.944125
0.0,1501,55673.002356
0.0,1501,55705.605215
0.0,1501,55738.552961
0.0,1501,55770.396417
0.0,1501,55803.231602
0.0,1501,55835.663562
0.0,1501,55868.068629
0.0,1501,55900.721368
0.0,1501,56017.684375
0.0,1501,56049.947131
0.0,1501,56082.495869
0.0,1501,56113.866268
0.0,1501,56146.518562
0.0,1501,56178.646461
0.0,1501,56210.893701
0.0,1501,56243.554846
0.0,1501,56275.427496
0.0,1501,56308.191936
0.0,1501,56340.85578
0.0,1501,56373.512571
0.0,1501,56405.684643
0.0,1501,56438.549582
0.0,1501,56470.845394
0.0,1501,56503.147674
0.0,1501,56535.544542
0.0,1501,56566.985289
0.0,1501,56599.335453
0.0,1501,56630.927222
0.0,1501,56663.539916
0.0,1501,56695.785969
0.0,1501,56729.114065
0.0,1501,56761.864536
0.0,1501,56793.455702
0.0,1501,56826.934673
0.0,1501,56859.248741
0.0,1501,56892.012853
0.0,1501,56924.101761
0.0,1501,56956.53439
0.0,1501,56988.907419
0.0,1501,57021.581757
0.0,1501,57054.443465
0.0,1501,57166.673566
0.0,1501,57199.350047
0.0,1501,57232.482309
0.0,1501,57264.937386
0.0,1501,57297.093742
0.0,1501,57329.632679
0.0,1501,57361.873317
0.0,1501,57394.568759
0.0,1501,57427.238352
0.0,1501,57460.084486
0.0,1501,57492.517551
0.0,1501,57524.943103
0.0,1501,57556.972534
0.0,1501,57589.206454
0.0,1501,57622.328242
0.0,1501,57655.058368
0.0,1501,57688.070111
0.0,1501,57721.002658
0.0,1501,57753.370876
0.0,1501,57786.092448
0.0,1501,57818.858869
0.0,1501,57851.541866
0.0,1501,57884.160664
0.0,1501,57916.620617
0.0,1501,57949.680168
0.0,1501,57981.803884
0.0,1501,58014.083535
0.0,1501,58046.446579
0.0,1501,58079.064589
0.0,1501,58110.344843
0.0,1501,58143.379693
0.0,1501,58175.788505
0.0,1501,58208.668898
0.0,1501,58324.957886
0.0,1501,58357.728531
0.0,1501,58390.385003
0.0,1501,58423.208637
0.0,1501,58455.968565
0.0,1501,58489.042786
0.0,1501,58521.347726
0.0,1501,58553.199531
0.0,1501,58585.782929
0.0,1501,58618.138529
0.0,1501,58650.842474
0.0,1501,58683.740068
0.0,1501,58715.825364
0.0,1501,58748.077978
0.0,1501,58780.503984
0.0,1501,58813.709244
0.0,1501,58846.100738
0.0,1501,58879.027912
0.0,1501,58911.267708
0.0,1501,58943.59745
0.0,1501,58976.095782
0.0,1501,59008.394485
0.0,1501,59040.541883
0.0,1501,59072.822618
0.0,1501,59105.37641
0.0,1501,59137.737387
0.0,1501,59169.284353
0.0,1501,59201.885893
0.0,1501,59234.809431
0.0,1501,59266.234016
0.0,1501,59298.157081
0.0,1501,59330.545989
0.0,1501,59362.551409
0.0,1501,59395.204647
0.0,1501,59508.377027
0.0,1501,59540.722815
0.0,1501,59573.257845
0.0,1501,59606.172731
0.0,1501,59638.664211
0.0,1501,59671.073191
0.0,1501,59704.06202
0.0,1501,59736.688307
0.0,1501,59769.398546
0.0,1501,59802.067342
0.0,1501,59834.714362
0.0,1501,59867.207843
0.0,1501,59899.776286
0.0,1501,59931.96935
0.0,1501,59965.448371
0.0,1501,59998.17056
0.0,1501,60030.857002
0.0,1501,60063.729829
0.0,1501,60096.333183
0.0,1501,60129.393708
0.0,1501,60161.788765
0.0,1501,60194.504037
0.0,1501,60226.883918
0.0,1501,60259.863739
0.0,1501,60292.765069
0.0,1501,60325.478606
0.0,1501,60358.577663
0.0,1501,60391.113284
0.0,1501,60424.191144
0.0,1501,60457.305216
0.0,1501,60489.748361
0.0,1501,60522.43264
0.0,1501,60555.829253
0.0,1501,60672.948853
0.0,1501,60705.806605
0.0,1501,60737.944338
0.0,1501,60769.467219
0.0,1501,60801.628919
0.0,1501,60833.545431
0.0,1501,60865.961812
0.0,1501,60898.412635
0.0,1501,60930.821304
0.0,1501,60963.15877
0.0,1501,60995.777948
0.0,1501,61030.324021
0.0,1501,61061.285505
0.0,1501,61093.829362
0.0,1501,61125.545204
0.0,1501,61157.716894
0.0,1501,61190.677516
0.0,1501,61223.441993
0.0,1501,61255.380643
0.0,1501,61287.671548
0.0,1501,61320.180921
0.0,1501,61353.090554
0.0,1501,61385.111727
0.0,1501,61418.135319
0.0,1501,61450.450404
0.0,1501,61483.23258
0.0,1501,61514.86741
0.0,1501,61547.224797
0.0,1501,61580.098482
0.0,1501,61612.284685
0.0,1501,61644.577265
0.0,1501,61677.739118
0.0,1501,61710.023317
0.0,1501,61815.97356
0.0,1501,61848.196182
0.0,1501,61880.345528
0.0,1501,61912.296193
0.0,1501,61944.260655
0.0,1501,61976.407151
0.0,1501,62009.026882
0.0,1501,62040.876159
0.0,1501,62072.749941
0.0,1501,62105.215135
0.0,1501,62137.61746
0.0,1501,62170.216052
0.0,1501,62202.512319
0.0,1501,62234.404995
0.0,1501,62266.855532
0.0,1501,62299.721884
0.0,1501,62332.255531
0.0,1501,62364.346938
0.0,1501,62396.912027
0.0,1501,62428.824515
0.0,1501,62461.26443
0.0,1501,62493.696273
0.0,1501,62525.174131
0.0,1501,62557.548644
0.0,1501,62590.193526
0.0,1501,62621.825194
0.0,1501,62654.468768
0.0,1501,62686.92109
0.0,1501,62718.147255
0.0,1501,62750.666047
0.0,1501,62784.085918
0.0,1501,62816.111946
0.0,1501,62848.197334
0.0,1501,62880.435383
0.0,1501,62984.987649
0.0,1501,63017.155537
0.0,1501,63049.538126
0.0,1501,63081.307996
0.0,1501,63114.2587
0.0,1501,63146.212099
0.0,1501,63178.597371
0.0,1501,63210.740415
0.0,1501,63242.847952
0.0,1501,63274.892863
0.0,1501,63307.347732
0.0,1501,63340.546852
0.0,1501,63372.666269
0.0,1501,63405.229618
0.0,1501,63437.810002
0.0,1501,63471.068403
0.0,1501,63504.221235
0.0,1501,63535.67084
0.0,1501,63569.129206
0.0,1501,63600.888124
0.0,1501,63633.262238
0.0,1501,63665.567657
0.0,1501,63697.9368
0.0,1501,63729.961697
0.0,1501,63762.345976
0.0,1501,63794.541398
0.0,1501,63826.24941
0.0,1501,63858.258762
0.0,1501,63890.412328
0.0,1501,63922.538148
0.0,1501,63956.495728
0.0,1501,63988.345511
0.0,1501,64020.279896
0.0,1501,64124.458539
0.0,1501,64156.596343
0.0,1501,64187.948202
0.0,1501,64219.858415
0.0,1501,64252.222909
0.0,1501,64284.578945
0.0,1501,64316.925822
0.0,1501,64348.759618
0.0,1501,64381.238356
0.0,1501,64413.307646
0.0,1501,64446.136991
0.0,1501,64478.715709
0.0,1501,64511.496289
0.0,1501,64543.96768
0.0,1501,64576.568453
0.0,1501,64609.869003
0.0,1501,64643.152074
0.0,1501,64675.751399
0.0,1501,64708.865053
0.0,1501,64741.450937
0.0,1501,64775.484867
0.0,1501,64808.266987
0.0,1501,64841.234445
0.0,1501,64873.699126
0.0,1501,64905.956566
0.0,1501,64938.668764
0.0,1501,64971.128457
0.0,1501,65003.46081
0.0,1501,65036.641873
0.0,1501,65069.233249
0.0,1501,65101.884904
0.0,1501,65133.911354
0.0,1501,65166.398181
0.0,1501,65271.732078
0.0,1501,65303.301325
0.0,1501,65335.666828
0.0,1501,65368.25284
0.0,1501,65401.311863
0.0,1501,65433.465564
0.0,1501,65467.084912
0.0,1501,65500.103971
0.0,1501,65533.188515
0.0,1501,65565.389486
0.0,1501,65597.516683
0.0,1501,65630.58702
0.0,1501,65663.152531
0.0,1501,65695.781003
0.0,1501,65727.928857
0.0,1501,65760.642033
0.0,1501,65793.377209
0.0,1501,65825.932731
0.0,1501,65858.811096
0.0,1501,65892.009534
0.0,1501,65924.748112
0.0,1501,65957.050659
0.0,1501,65989.546953
0.0,1501,66022.490986
0.0,1501,66055.048246
0.0,1501,66087.020117
0.0,1501,66119.890129
0.0,1501,66153.680369
0.0,1501,66187.058865
0.0,1501,66219.908794
0.0,1501,66252.60882
0.0,1501,66285.25656
0.0,1501,66318.729129
0.0,1501,66350.795404
0.0,1501,66454.744969
0.0,1501,66488.461068
0.0,1501,66521.424118
0.0,1501,66554.030264
0.0,1501,66586.198525
0.0,1501,66619.08975
0.0,1501,66652.009045
0.0,1501,66684.378678
0.0,1501,66716.433527
0.0,1501,66749.824012
0.0,1501,66781.953826
0.0,1501,66815.017561
0.0,1501,66847.746453
0.0,1501,66880.649103
0.0,1501,66913.800498
0.0,1501,66946.228884
0.0,1501,66979.293633
0.0,1501,67011.536686
0.0,1501,67043.830446
0.0,1501,67076.864501
0.0,1501,67109.419888
0.0,1501,67142.134623
0.0,1501,67175.18749
0.0,1501,67207.724141
0.0,1501,67240.061217
0.0,1501,67272.789747
0.0,1501,67305.940237
0.0,1501,67338.811651
0.0,1501,67371.388886
0.0,1501,67404.168807
0.0,1501,67436.841628
0.0,1501,67469.148288
0.0,1501,67502.495352
0.0,1501,67604.821874
0.0,1501,67637.362501
0.0,1501,67670.402574
0.0,1501,67702.919172
0.0,1501,67734.742399
0.0,1501,67767.410171
0.0,1501,67799.89803
0.0,1501,67831.841097
0.0,1501,67864.741347
0.0,1501,67897.820285
0.0,1501,67929.998471
0.0,1501,67962.644557
0.0,1501,67995.437221
0.0,1501,68027.413306
0.0,1501,68059.668671
0.0,1501,68092.295031
0.0,1501,68124.635583
0.0,1501,68157.637165
0.0,1501,68191.316859
0.0,1501,68224.858572
0.0,1501,68257.30575
0.0,1501,68290.377383
0.0,1501,68323.34225
0.0,1501,68355.699674
0.0,1501,68387.860964
0.0,1501,68419.557476
0.0,1501,68452.397151
0.0,1501,68485.112663
0.0,1501,68517.703372
0.0,1501,68550.312974
0.0,1501,68583.069643
0.0,1501,68615.429178
0.0,1501,68647.546971
0.0,1501,68746.459885
0.0,1501,68779.812478
0.0,1501,68812.730441
0.0,1501,68845.219172
0.0,1501,68878.295386
0.0,1501,68911.157533
0.0,1501,68943.383095
0.0,1501,68976.121365
0.0,1501,69009.345304
0.0,1501,69042.104972
0.0,1501,69075.010762
0.0,1501,69107.101992
0.0,1501,69140.58951
0.0,1501,69173.604156
0.0,1501,69205.792626
0.0,1501,69238.104353
0.0,1501,69270.356405
0.0,1501,69303.568332
0.0,1501,69337.050462
0.0,1501,69370.215835
0.0,1501,69402.40116
0.0,1501,69436.384032
0.0,1501,69468.600463
0.0,1501,69500.776335
0.0,1501,69532.471127
0.0,1501,69565.081481
0.0,1501,69598.30147
0.0,1501,69631.021406
0.0,1501,69662.783805
0.0,1501,69695.460717
0.0,1501,69727.088628
0.0,1501,69759.946311
0.0,1501,69792.702236
0.0,1501,69894.940481
0.0,1501,69928.014756
0.0,1501,69961.188159
0.0,1501,69993.838843
0.0,1501,70026.287984
0.0,1501,70058.353564
0.0,1501,70090.526133
0.0,1501,70122.322176
0.0,1501,70155.109135
0.0,1501,70187.696903
0.0,1501,70220.651652
0.0,1501,70253.511125
0.0,1501,70285.641598
0.0,1501,70318.782848
0.0,1501,70351.604864
0.0,1501,70383.708372
0.0,1501,70415.243435
0.0,1501,70448.36008
0.0,1501,70480.634004
0.0,1501,70513.241164
0.0,1501,70545.779583
0.0,1501,70578.137594
0.0,1501,70610.636125
0.0,1501,70642.641642
0.0,1501,70674.867
0.0,1501,70707.359937
0.0,1501,70738.882041
0.0,1501,70772.93267
0.0,1501,70804.8994
0.0,1501,70838.100384
0.0,1501,70870.310451
0.0,1501,70903.269359
0.0,1501,70936.337811
0.0,1501,70968.560008
0.0,1501,71067.031913
0.0,1501,71098.771605
0.0,1501,71130.610063
0.0,1501,71162.742849
0.0,1501,71194.673015
0.0,1501,71227.538581
0.0,1501,71259.717775
0.0,1501,71292.349813
0.0,1501,71324.68047
0.0,1501,71356.141624
0.0,1501,71387.588292
0.0,1501,71418.928139
0.0,1501,71451.63807
0.0,1501,71485.054145
0.0,1501,71517.400383
0.0,1501,71549.711056
0.0,1501,71582.280089
0.0,1501,71615.29229
0.0,1501,71647.826318
0.0,1501,71680.176655
0.0,1501,71712.494313
0.0,1501,71744.330536
0.0,1501,71776.525455
0.0,1501,71809.344838
0.0,1501,71842.042083
0.0,1501,71874.721725
0.0,1501,71906.939563
0.0,1501,71938.88936
0.0,1501,71970.679879
0.0,1501,72003.19869
0.0,1501,72035.466583
0.0,1501,72069.545573
0.0,1501,72102.041263
0.0,1501,72199.164893
0.0,1501,72232.523737
0.0,1501,72265.861615
0.0,1501,72298.328678
0.0,1501,72330.622443
0.0,1501,72362.784397
0.0,1501,72395.112679
0.0,1501,72427.83312
0.0,1501,72459.76075
0.0,1501,72491.994823
0.0,1501,72523.806303
0.0,1501,72557.501912
0.0,1501,72589.834853
0.0,1501,72622.629694
0.0,1501,72656.530492
0.0,1501,72689.001264
0.0,1501,72720.986876
0.0,1501,72753.018389
0.0,1501,72783.022676
0.0,1501,72813.025535
0.0,1501,72844.97031
0.0,1501,72877.007824
0.0,1501,72909.539656
0.0,1501,72940.908534
0.0,1501,72972.966135
0.0,1501,73005.515854
0.0,1501,73038.409243
0.0,1501,73071.098821
0.0,1501,73104.013929
0.0,1501,73137.2928
0.0,1501,73170.910714
0.0,1501,73204.003154
0.0,1501,73235.89468
0.0,1501,73343.805677
0.0,1501,73376.956354
0.0,1501,73409.819611
0.0,1501,73442.361861
0.0,1501,73474.809862
0.0,1501,73506.616577
0.0,1501,73539.856353
0.0,1501,73572.442308
0.0,1501,73605.910426
0.0,1501,73638.317201
0.0,1501,73671.662586
0.0,1501,73705.69097
0.0,1501,73739.292052
0.0,1501,73772.222104
0.0,1501,73805.475897
0.0,1501,73838.056689
0.0,1501,73870.371679
0.0,1501,73901.857858
0.0,1501,73934.383517
0.0,1501,73966.206556
0.0,1501,73998.848369
0.0,1501,74031.177406
0.0,1501,74063.540333
0.0,1501,74095.676706
0.0,1501,74128.0412
0.0,1501,74160.181999
0.0,1501,74193.340503
0.0,1501,74226.287941
0.0,1501,74256.99033
0.0,1501,74288.804376
0.0,1501,74320.599761
0.0,1501,74353.840078
0.0,1501,74386.72893
0.0,1501,74420.088693
0.0,1501,74520.587511
0.0,1501,74554.296583
0.0,1501,74586.962227
0.0,1501,74619.939131
0.0,1501,74652.554242
0.0,1501,74684.795761
0.0,1501,74717.474252
0.0,1501,74751.136509
0.0,1501,74783.306514
0.0,1501,74816.042103
0.0,1501,74849.726411
0.0,1501,74882.754624
0.0,1501,74914.717656
0.0,1501,74947.202355
0.0,1501,74979.215737
0.0,1501,75012.02872
0.0,1501,75044.449216
0.0,1501,75076.952138
0.0,1501,75109.824575
0.0,1501,75143.028791
0.0,1501,75177.254961
0.0,1501,75209.329378
0.0,1501,75242.00155
0.0,1501,75273.825132
0.0,1501,75306.335679
0.0,1501,75339.725348
0.0,1501,75372.830675
0.0,1501,75406.373733
0.0,1501,75439.548749
0.0,1501,75472.145742
0.0,1501,75504.659928
0.0,1501,75537.004358
0.0,1501,75569.311815
0.0,1501,75694.425973
0.0,1501,75726.812912
0.0,1501,75759.804652
0.0,1501,75792.363657
0.0,1501,75824.883469
0.0,1501,75857.562189
0.0,1501,75890.03217
0.0,1501,75922.193937
0.0,1501,75955.676939
0.0,1501,75988.486423
0.0,1501,76021.664174
0.0,1501,76053.609694
0.0,1501,76085.834718
0.0,1501,76117.7214
0.0,1501,76149.543113
0.0,1501,76182.794749
0.0,1501,76216.614043
0.0,1501,76249.078604
0.0,1501,76281.946808
0.0,1501,76315.402553
0.0,1501,76348.970324
0.0,1501,76382.663582
0.0,1501,76416.255785
0.0,1501,76448.354575
0.0,1501,76481.626067
0.0,1501,76513.933605
0.0,1501,76546.656727
0.0,1501,76579.288899
0.0,1501,76612.801676
0.0,1501,76647.122358
0.0,1501,76680.163552
0.0,1501,76712.336687
0.0,1501,76745.635364
0.0,1501,76867.085983
0.0,1501,76900.378486
0.0,1501,76932.876681
0.0,1501,76966.980627
0.0,1501,76999.113927
0.0,1501,77031.774319
0.0,1501,77064.621241
0.0,1501,77097.250458
0.0,1501,77130.270432
0.0,1501,77163.062179
0.0,1501,77197.227658
0.0,1501,77229.571823
0.0,1501,77261.864884
0.0,1501,77295.080834
0.0,1501,77327.704928
0.0,1501,77360.781675
0.0,1501,77392.890323
0.0,1501,77425.59963
0.0,1501,77459.130471
0.0,1501,77491.579183
0.0,1501,77524.008628
0.0,1501,77556.865201
0.0,1501,77589.559044
0.0,1501,77621.724281
0.0,1501,77655.151922
0.0,1501,77687.65808
0.0,1501,77721.774076
0.0,1501,77754.15618
0.0,1501,77786.123112
0.0,1501,77818.74024
0.0,1501,77852.730994
0.0,1501,77884.210946
0.0,1501,77916.346279
0.0,1501,77948.952054
0.0,1501,78046.502402
0.0,1501,78079.382134
0.0,1501,78111.81761
0.0,1501,78143.502101
0.0,1501,78176.414581
0.0,1501,78209.168217
0.0,1501,78241.405103
0.0,1501,78273.064446
0.0,1501,78306.960373
0.0,1501,78340.365164
0.0,1501,78371.915377
0.0,1501,78404.175137
0.0,1501,78437.839034
0.0,1501,78470.129473
0.0,1501,78503.283503
0.0,1501,78535.927678
0.0,1501,78569.452065
0.0,1501,78602.728799
0.0,1501,78635.573987
0.0,1501,78667.720882
0.0,1501,78700.481265
0.0,1501,78731.923275
0.0,1501,78764.808852
0.0,1501,78796.464456
0.0,1501,78829.805685
0.0,1501,78861.688717
0.0,1501,78894.856716
0.0,1501,78928.943854
0.0,1501,78962.249832
0.0,1501,78995.590983
0.0,1501,79026.861621
0.0,1501,79059.746795
0.0,1501,79092.71199
0.0,1501,79195.806963
0.0,1501,79228.772413
0.0,1501,79261.683865
0.0,1501,79295.079456
0.0,1501,79328.753327
0.0,1501,79361.318024
0.0,1501,79391.869469
0.0,1501,79424.3903
0.0,1501,79456.939542
0.0,1501,79489.589608
0.0,1501,79521.353675
0.0,1501,79553.47385
0.0,1501,79585.69547
0.0,1501,79620.180617
0.0,1501,79653.338113
0.0,1501,79685.364751
0.0,1501,79718.074897
0.0,1501,79751.392674
0.0,1501,79784.146135
0.0,1501,79816.214663
0.0,1501,79849.659305
0.0,1501,79882.186532
0.0,1501,79915.008943
0.0,1501,79948.804756
0.0,1501,79980.925224
0.0,1501,80014.013006
0.0,1501,80045.753454
0.0,1501,80079.084908
0.0,1501,80112.079217
0.0,1501,80144.505583
0.0,1501,80178.984137
0.0,1501,80212.773906
0.0,1501,80245.891645
0.0,1501,80347.693655
0.0,1501,80381.869812
0.0,1501,80413.989862
0.0,1501,80447.1875
0.0,1501,80480.896412
0.0,1501,80512.800183
0.0,1501,80545.4708
0.0,1501,80578.390593
0.0,1501,80611.995922
0.0,1501,80645.963361
0.0,1501,80680.122864
0.0,1501,80713.256829
0.0,1501,80746.704514
0.0,1501,80778.958724
0.0,1501,80810.302541
0.0,1501,80843.592561
0.0,1501,80876.265698
0.0,1501,80908.975061
0.0,1501,80941.198175
0.0,1501,80974.808522
0.0,1501,81008.694931
0.0,1501,81041.767006
0.0,1501,81074.653439
0.0,1501,81108.406863
0.0,1501,81141.27058
0.0,1501,81175.121708
0.0,1501,81207.807835
0.0,1501,81240.886131
0.0,1501,81274.389306
0.0,1501,81307.378034
0.0,1501,81339.963197
0.0,1501,81373.460173
0.0,1501,81405.667002
0.0,1501,81437.917078
0.0,1501,81547.36707
0.0,1501,81580.978956
0.0,1501,81613.975062
0.0,1501,81646.282403
0.0,1501,81678.771928
0.0,1501,81713.743697
0.0,1501,81746.631621
0.0,1501,81779.292959
0.0,1501,81812.473255
0.0,1501,81845.997259
0.0,1501,81878.734421
0.0,1501,81910.795139
0.0,1501,81943.425209
0.0,1501,81977.094501
0.0,1501,82011.155434
0.0,1501,82043.915462
0.0,1501,82077.155956
0.0,1501,82109.776421
0.0,1501,82141.811783
0.0,1501,82174.601765
0.0,1501,82207.415594
0.0,1501,82240.345867
0.0,1501,82273.231639
0.0,1501,82306.486166
0.0,1501,82338.966819
0.0,1501,82372.185357
0.0,1501,82404.781218
0.0,1501,82437.418615
0.0,1501,82469.130088
0.0,1501,82502.164175
0.0,1501,82534.749546
0.0,1501,82567.601297
0.0,1501,82600.331307
0.0,1501,82697.778132
0.0,1501,82731.140581
0.0,1501,82764.219968
0.0,1501,82797.293801
0.0,1501,82830.263909
0.0,1501,82863.355032
0.0,1501,82896.443852
0.0,1501,82928.675805
0.0,1501,82959.927409
0.0,1501,82992.299061
0.0,1501,83025.023062
0.0,1501,83057.875563
0.0,1501,83090.8512
0.0,1501,83125.086257
0.0,1501,83160.134223
0.0,1501,83192.568281
0.0,1501,83225.593327
0.0,1501,83258.571502
0.0,1501,83291.269031
0.0,1501,83324.73061
0.0,1501,83358.179276
0.0,1501,83391.452777
0.0,1501,83424.707135
0.0,1501,83457.085772
0.0,1501,83490.125455
0.0,1501,83522.857397
0.0,1501,83555.636601
0.0,1501,83588.711102
0.0,1501,83622.172127
0.0,1501,83654.520257
0.0,1501,83686.453293
0.0,1501,83718.721256
0.0,1501,83751.10002
0.0,1501,83846.5267
0.0,1501,83881.648451
0.0,1501,83915.222416
0.0,1501,83948.404465
0.0,1501,83980.724952
0.0,1501,84012.436385
0.0,1501,84046.184516
0.0,1501,84078.140999
0.0,1501,84110.253714
0.0,1501,84143.328157
0.0,1501,84175.610826
0.0,1501,84208.658415
0.0,1501,84241.1551
0.0,1501,84274.180161
0.0,1501,84306.253628
0.0,1501,84338.45542
0.0,1501,84372.143357
0.0,1501,84404.494778
0.0,1501,84437.413269
0.0,1501,84470.732409
0.0,1501,84503.084956
0.0,1501,84535.521618
0.0,1501,84568.992211
0.0,1501,84601.584147
0.0,1501,84634.091389
0.0,1501,84666.912557
0.0,1501,84699.658206
0.0,1501,84732.808637
0.0,1501,84765.684078
0.0,1501,84797.82788
0.0,1501,84830.522936
0.0,1501,84862.897194
0.0,1501,84895.845772
0.0,1501,84928.94467
0.0,1501,85028.545022
0.0,1501,85061.185263
0.0,1501,85093.502899
0.0,1501,85126.593819
0.0,1501,85159.285313
0.0,1501,85192.459
0.0,1501,85224.861208
0.0,1501,85257.332983
0.0,1501,85290.646924
0.0,1501,85323.544501
0.0,1501,85355.946414
0.0,1501,85389.516527
0.0,1501,85422.026245
0.0,1501,85454.932664
0.0,1501,85487.908387
0.0,1501,85521.692886
0.0,1501,85555.315045
0.0,1501,85588.452615
0.0,1501,85621.182083
0.0,1501,85653.429067
0.0,1501,85685.481615
0.0,1501,85718.131044
0.0,1501,85749.639974
0.0,1501,85782.026186
0.0,1501,85814.886698
0.0,1501,85848.153316
0.0,1501,85881.112497
0.0,1501,85913.553941
0.0,1501,85945.809275
0.0,1501,85978.366137
0.0,1501,86012.282442
0.0,1501,86042.700313
0.0,1501,86075.155111
0.0,1501,86175.428426
0.0,1501,86207.802078
0.0,1501,86240.289035
0.0,1501,86273.214508
0.0,1501,86306.14335
0.0,1501,86337.600575
0.0,1501,86370.043159
0.0,1501,86402.412338
0.0,1501,86434.471486
0.0,1501,86467.208353
0.0,1501,86500.35996
0.0,1501,86532.603803
0.0,1501,86565.373541
0.0,1501,86598.206636
0.0,1501,86631.795456
0.0,1501,86664.45691
0.0,1501,86696.531754
0.0,1501,86729.328386
0.0,1501,86762.528895
0.0,1501,86795.173706
0.0,1501,86827.529827
0.0,1501,86860.951977
0.0,1501,86894.221782
0.0,1501,86926.272973
0.0,1501,86959.090318
0.0,1501,86992.478079
0.0,1501,87026.216203
0.0,1501,87059.091023
0.0,1501,87091.885319
0.0,1501,87124.420399
0.0,1501,87157.180236
0.0,1501,87190.551887
0.0,1501,87223.036033
0.0,1501,87317.43357
0.0,1501,87350.985856
0.0,1501,87383.717542
0.0,1501,87416.813774
0.0,1501,87449.042811
0.0,1501,87481.565233
0.0,1501,87514.430811
0.0,1501,87547.489998
0.0,1501,87579.999978
0.0,1501,87613.235003
0.0,1501,87645.68858
0.0,1501,87679.310628
0.0,1501,87711.812793
0.0,1501,87744.392933
0.0,1501,87776.929668
0.0,1501,87810.87263
0.0,1501,87844.055176
0.0,1501,87876.940074
0.0,1501,87910.148329
0.0,1501,87944.110453
0.0,1501,87977.769867
0.0,1501,88009.643118
0.0,1501,88042.17098
0.0,1501,88074.772483
0.0,1501,88107.899211
0.0,1501,88142.405256
0.0,1501,88175.647933
0.0,1501,88208.973893
0.0,1501,88242.316969
0.0,1501,88275.317462
0.0,1501,88308.573063
0.0,1501,88341.572073
0.0,1501,88374.733592
0.0,1501,88483.460583
0.0,1501,88516.727731
0.0,1501,88549.996195
0.0,1501,88583.21173
0.0,1501,88616.483987
0.0,1501,88649.082471
0.0,1501,88681.942683
0.0,1501,88714.759664
0.0,1501,88748.027361
0.0,1501,88780.141144
0.0,1501,88813.044161
0.0,1501,88845.587383
0.0,1501,88878.005724
0.0,1501,88911.432372
0.0,1501,88943.569576
0.0,1501,88977.201999
0.0,1501,89010.69197
0.0,1501,89044.266301
0.0,1501,89077.777683
0.0,1501,89111.203513
0.0,1501,89143.914966
0.0,1501,89177.408702
0.0,1501,89211.55464
0.0,1501,89244.30142
0.0,1501,89276.730494
0.0,1501,89309.542183
0.0,1501,89341.751333
0.0,1501,89374.097494
0.0,1501,89407.31676
0.0,1501,89438.883224
0.0,1501,89471.485658
0.0,1501,89503.664107
0.0,1501,89536.701815
0.0,1501,89570.637011
0.0,1501,89673.928912
0.0,1501,89706.368002
0.0,1501,89739.217423
0.0,1501,89772.194949
0.0,1501,89805.095163
0.0,1501,89838.274786
0.0,1501,89871.958016
0.0,1501,89904.760817
0.0,1501,89937.418178
0.0,1501,89970.030406
0.0,1501,90002.464195
0.0,1501,90034.732254
0.0,1501,90066.959893
0.0,1501,90099.824953
0.0,1501,90131.68857
0.0,1501,90164.48897
0.0,1501,90197.868793
0.0,1501,90230.482465
0.0,1501,90262.924031
0.0,1501,90296.309652
0.0,1501,90328.984582
0.0,1501,90361.900275
0.0,1501,90394.436525
0.0,1501,90427.504744
0.0,1501,90460.542461
0.0,1501,90493.638937
0.0,1501,90526.021959
0.0,1501,90558.656439
0.0,1501,90592.30819
0.0,1501,90624.469219
0.0,1501,90656.495844
0.0,1501,90689.848033
0.0,1501,90722.403394
0.0,1501,90826.867594
0.0,1501,90860.299565
0.0,1501,90892.440701
0.0,1501,90925.221568
0.0,1501,90957.93501
0.0,1501,90990.766021
0.0,1501,91023.914857
0.0,1501,91055.961148
0.0,1501,91088.595588
0.0,1501,91121.528127
0.0,1501,91154.581623
0.0,1501,91187.817019
0.0,1501,91220.95042
0.0,1501,91254.015215
0.0,1501,91286.294342
0.0,1501,91319.159709
0.0,1501,91351.826714
0.0,1501,91383.764915
0.0,1501,91417.324832
0.0,1501,91449.892692
0.0,1501,91482.93337
0.0,1501,91516.2381
0.0,1501,91547.543195
0.0,1501,91580.151198
0.0,1501,91613.135398
0.0,1501,91645.713653
0.0,1501,91678.337232
0.0,1501,91711.006448
0.0,1501,91744.361689
0.0,1501,91776.84664
0.0,1501,91809.908389
0.0,1501,91843.318267
0.0,1501,91876.087368
0.0,1501,91986.954173
0.0,1501,92019.178446
0.0,1501,92051.554933
0.0,1501,92084.599245
0.0,1501,92116.517097
0.0,1501,92149.169908
0.0,1501,92181.818856
0.0,1501,92214.288833
0.0,1501,92248.027088
0.0,1501,92280.293239
0.0,1501,92311.2
0.0,1501,92342.781386
0.0,1501,92376.243094
0.0,1501,92409.2896
0.0,1501,92442.471456
0.0,1501,92473.700182
0.0,1501,92507.744488
0.0,1501,92540.47472
0.0,1501,92573.070371
0.0,1501,92606.575419
0.0,1501,92639.986567
0.0,1501,92672.350355
0.0,1501,92704.406861
0.0,1501,92737.426572
0.0,1501,92771.136693
0.0,1501,92803.711256
0.0,1501,92836.684076
0.0,1501,92870.061856
0.0,1501,92903.849856
0.0,1501,92937.584787
0.0,1501,92970.650337
0.0,1501,93004.301967
0.0,1501,93037.672187
0.0,1501,93070.433796
0.0,1501,93182.834963
0.0,1501,93215.315826
0.0,1501,93248.220176
0.0,1501,93280.865636
0.0,1501,93314.5553
0.0,1501,93347.14832
0.0,1501,93380.528577
0.0,1501,93412.933426
0.0,1501,93446.241778
0.0,1501,93478.277276
0.0,1501,93511.116853
0.0,1501,93544.257573
0.0,1501,93577.288441
0.0,1501,93610.909163
0.0,1501,93644.322529
0.0,1501,93677.551361
0.0,1501,93710.597928
0.0,1501,93743.967445
0.0,1501,93778.365985
0.0,1501,93811.169286
0.0,1501,93844.54664
0.0,1501,93876.627184
0.0,1501,93908.141095
0.0,1501,93941.996952
0.0,1501,93975.20739
0.0,1501,94007.870739
0.0,1501,94041.426603
0.0,1501,94075.385537
0.0,1501,94108.316612
0.0,1501,94142.078797
0.0,1501,94175.070751
0.0,1501,94209.166673
0.0,1501,94242.880942
0.0,1501,94351.778981
0.0,1501,94384.760497
0.0,1501,94418.962939
0.0,1501,94452.253167
0.0,1501,94485.280025
0.0,1501,94518.014396
0.0,1501,94551.661176
0.0,1501,94584.798908
0.0,1501,94617.303327
0.0,1501,94650.129924
0.0,1501,94683.079445
0.0,1501,94716.433074
0.0,1501,94749.536219
0.0,1501,94783.304246
0.0,1501,94817.055115
0.0,1501,94849.670134
0.0,1501,94883.514686
0.0,1501,94916.374674
0.0,1501,94948.977039
0.0,1501,94982.930602
0.0,1501,95016.13778
0.0,1501,95049.129301
0.0,1501,95082.227614
0.0,1501,95114.741758
0.0,1501,95148.37721
0.0,1501,95180.827055
0.0,1501,95213.905261
0.0,1501,95247.803781
0.0,1501,95281.521166
0.0,1501,95315.182412
0.0,1501,95348.548162
0.0,1501,95382.481055
0.0,1501,95416.174796
0.0,1501,95522.097488
0.0,1501,95554.376553
0.0,1501,95586.510837
0.0,1501,95620.091287
0.0,1501,95652.557644
0.0,1501,95686.208927
0.0,1501,95718.602187
0.0,1501,95752.639018
0.0,1501,95785.806874
0.0,1501,95818.128783
0.0,1501,95851.541976
0.0,1501,95885.158437
0.0,1501,95918.347351
0.0,1501,95952.178842
0.0,1501,95984.697268
0.0,1501,96018.374745
0.0,1501,96051.578233
0.0,1501,96085.183808
0.0,1501,96119.01174
0.0,1501,96151.90938
0.0,1501,96185.806495
0.0,1501,96219.71197
0.0,1501,96254.110825
0.0,1501,96288.098403
0.0,1501,96322.243479
0.0,1501,96355.380382
0.0,1501,96388.961506
0.0,1501,96421.57818
0.0,1501,96454.451329
0.0,1501,96486.011032
0.0,1501,96519.736209
0.0,1501,96553.469514
0.0,1501,96587.43695
0.0,1501,96620.851697
0.0,1501,96732.601876
0.0,1501,96766.192955
0.0,1501,96799.266397
0.0,1501,96832.062662
0.0,1501,96864.590452
0.0,1501,96897.750759
0.0,1501,96930.018765
0.0,1501,96963.841161
0.0,1501,96997.178637
0.0,1501,97031.032687
0.0,1501,97064.921553
0.0,1501,97098.554904
0.0,1501,97130.984436
0.0,1501,97164.781217
0.0,1501,97198.757047
0.0,1501,97231.178757
0.0,1501,97264.562224
0.0,1501,97297.647605
0.0,1501,97330.113508
0.0,1501,97362.697067
0.0,1501,97395.468053
0.0,1501,97428.987134
0.0,1501,97462.319821
0.0,1501,97497.006421
0.0,1501,97529.854363
0.0,1501,97563.371002
0.0,1501,97596.84641
0.0,1501,97630.240313
0.0,1501,97663.917177
0.0,1501,97696.44872
0.0,1501,97730.507122
0.0,1501,97763.373677
0.0,1501,97796.58368
0.0,1501,97913.389455
0.0,1501,97946.341485
0.0,1501,97979.730805
0.0,1501,98013.618544
0.0,1501,98046.688039
0.0,1501,98080.664108
0.0,1501,98113.285139
0.0,1501,98147.42289
0.0,1501,98180.84491
0.0,1501,98213.83044
0.0,1501,98247.05236
0.0,1501,98280.973472
0.0,1501,98314.603705
0.0,1501,98349.226206
0.0,1501,98383.118941
0.0,1501,98416.770294
0.0,1501,98450.668898
0.0,1501,98484.046005
0.0,1501,98517.600724
0.0,1501,98551.149707
0.0,1501,98583.969557
0.0,1501,98617.639511
0.0,1501,98650.965302
0.0,1501,98683.535638
0.0,1501,98717.432149
0.0,1501,98750.92381
0.0,1501,98785.089726
0.0,1501,98817.951773
0.0,1501,98850.414904
0.0,1501,98884.306567
0.0,1501,98918.369131
0.0,1501,98951.084243
0.0,1501,98985.34328
0.0,1501,99103.825264
0.0,1501,99138.483865
0.0,1501,99173.609247
0.0,1501,99207.569439
0.0,1501,99241.525709
0.0,1501,99275.452823
0.0,1501,99309.304066
0.0,1501,99341.380866
0.0,1501,99374.276528
0.0,1501,99407.507955
0.0,1501,99441.626136
0.0,1501,99475.3132
0.0,1501,99509.099389
0.0,1501,99542.652052
0.0,1501,99575.353793
0.0,1501,99608.615857
0.0,1501,99641.5382
0.0,1501,99676.059507
0.0,1501,99709.90576
0.0,1501,99742.532134
0.0,1501,99776.268406
0.0,1501,99810.339929
0.0,1501,99844.606212
0.0,1501,99878.157879
0.0,1501,99911.015834
0.0,1501,99944.723857
0.0,1501,99977.872804
0.0,1501,100011.235373
0.0,1501,100044.932765
0.0,1501,100078.024541
0.0,1501,100111.776327
0.0,1501,100144.75943
0.0,1501,100178.932558
0.0,1501,100212.607383
0.0,1501,100325.461139
0.0,1501,100359.465575
0.0,1501,100393.220947
0.0,1501,100426.865968
0.0,1501,100459.591957
0.0,1501,100492.923161
0.0,1501,100526.816404
0.0,1501,100561.039531
0.0,1501,100594.354818
0.0,1501,100628.344738
0.0,1501,100661.98085
0.0,1501,100695.316046
0.0,1501,100728.989468
0.0,1501,100762.806636
0.0,1501,100795.274458
0.0,1501,100827.975843
0.0,1501,100861.873599
0.0,1501,100895.420149
0.0,1501,100928.814079
0.0,1501,100962.326019
0.0,1501,100995.56031
0.0,1501,101029.606492
0.0,1501,101062.613751
0.0,1501,101096.158922
0.0,1501,101129.486873
0.0,1501,101162.313947
0.0,1501,101195.989862
0.0,1501,101229.065755
0.0,1501,101261.700871
0.0,1501,101295.89715
0.0,1501,101329.393768
0.0,1501,101362.576846
0.0,1501,101396.221879
0.0,1501,101515.138227
0.0,1501,101549.371707
0.0,1501,101582.569429
0.0,1501,101615.290406
0.0,1501,101648.069393
0.0,1501,101681.578698
0.0,1501,101715.819206
0.0,1501,101748.929983
0.0,1501,101782.288498
0.0,1501,101816.104452
0.0,1501,101849.895711
0.0,1501,101884.565434
0.0,1501,101917.811538
0.0,1501,101952.125939
0.0,1501,101984.152811
0.0,1501,102017.881655
0.0,1501,102051.692753
0.0,1501,102085.264019
0.0,1501,102118.468446
0.0,1501,102151.966056
0.0,1501,102185.767209
0.0,1501,102219.817972
0.0,1501,102253.88376
0.0,1501,102288.002828
0.0,1501,102321.362051
0.0,1501,102355.646243
0.0,1501,102389.650345
0.0,1501,102421.895504
0.0,1501,102455.598675
0.0,1501,102488.726218
0.0,1501,102521.507796
0.0,1501,102554.959487
0.0,1501,102589.32086
0.0,1501,102711.743249
0.0,1501,102745.389222
0.0,1501,102779.46227
0.0,1501,102812.744606
0.0,1501,102845.811792
0.0,1501,102878.150013
0.0,1501,102911.206688
0.0,1501,102943.875116
0.0,1501,102977.55188
0.0,1501,103011.761528
0.0,1501,103045.901646
0.0,1501,103078.852167
0.0,1501,103113.073153
0.0,1501,103146.54915
0.0,1501,103180.680355
0.0,1501,103215.133968
0.0,1501,103248.408652
0.0,1501,103282.41216
0.0,1501,103316.569062
0.0,1501,103350.849293
0.0,1501,103383.714091
0.0,1501,103418.285547
0.0,1501,103451.790135
0.0,1501,103485.357959
0.0,1501,103518.955547
0.0,1501,103553.235144
0.0,1501,103586.9219
0.0,1501,103620.616598
0.0,1501,103652.741682
0.0,1501,103686.152236
0.0,1501,103720.06764
0.0,1501,103752.860626
0.0,1501,103786.581205
0.0,1501,103820.278452
0.0,1501,103940.40552
0.0,1501,103974.694708
0.0,1501,104008.4611
0.0,1501,104041.346496
0.0,1501,104075.185856
0.0,1501,104108.631115
0.0,1501,104141.641835
0.0,1501,104176.395586
0.0,1501,104210.043867
0.0,1501,104244.377189
0.0,1501,104276.892849
0.0,1501,104309.992476
0.0,1501,104343.155631
0.0,1501,104377.209228
0.0,1501,104411.675446
0.0,1501,104444.388617
0.0,1501,104476.9928
0.0,1501,104510.887456
0.0,1501,104543.766519
0.0,1501,104577.318607
0.0,1501,104610.537796
0.0,1501,104642.783304
0.0,1501,104676.005213
0.0,1501,104709.959091
0.0,1501,104743.586171
0.0,1501,104776.634145
0.0,1501,104811.166565
0.0,1501,104844.834589
0.0,1501,104877.841026
0.0,1501,104911.282002
0.0,1501,104943.491084
0.0,1501,104977.222402
0.0,1501,105011.135157
0.0,1501,105133.169859
0.0,1501,105166.657438
0.0,1501,105199.638433
0.0,1501,105233.136791
0.0,1501,105265.925171
0.0,1501,105299.107371
0.0,1501,105332.569535
0.0,1501,105366.413026
0.0,1501,105399.84363
0.0,1501,105433.78887
0.0,1501,105467.352463
0.0,1501,105500.815067
0.0,1501,105534.266329
0.0,1501,105567.825891
0.0,1501,105601.161182
0.0,1501,105635.47851
0.0,1501,105669.665946
0.0,1501,105702.05595
0.0,1501,105735.540823
0.0,1501,105768.330414
0.0,1501,105801.790544
0.0,1501,105835.428396
0.0,1501,105867.568736
0.0,1501,105900.201068
0.0,1501,105934.212759
0.0,1501,105968.184171
0.0,1501,106002.341308
0.0,1501,106036.696185
0.0,1501,106070.024518
0.0,1501,106103.421212
0.0,1501,106136.302141
0.0,1501,106169.205033
0.0,1501,106202.90341
0.0,1501,106324.955398
0.0,1501,106357.847918
0.0,1501,106391.579523
0.0,1501,106425.21968
0.0,1501,106458.7849
0.0,1501,106492.586485
0.0,1501,106526.311673
0.0,1501,106559.84288
0.0,1501,106593.593044
0.0,1501,106626.882433
0.0,1501,106660.202088
0.0,1501,106693.418267
0.0,1501,106726.944883
0.0,1501,106760.301121
0.0,1501,106792.51115
0.0,1501,106825.00229
0.0,1501,106857.479544
0.0,1501,106891.783718
0.0,1501,106924.694843
0.0,1501,106957.286693
0.0,1501,106990.973333
0.0,1501,107024.833049
0.0,1501,107058.553923
0.0,1501,107092.450942
0.0,1501,107125.835558
0.0,1501,107159.727246
0.0,1501,107192.981048
0.0,1501,107226.208804
0.0,1501,107258.820849
0.0,1501,107292.135307
0.0,1501,107325.227113
0.0,1501,107358.970209
0.0,1501,107391.434542
0.0,1501,107506.764883
0.0,1501,107539.630904
0.0,1501,107572.910211
0.0,1501,107606.437975
0.0,1501,107639.785894
0.0,1501,107673.876313
0.0,1501,107707.613394
0.0,1501,107741.165877
0.0,1501,107774.495327
0.0,1501,107808.103806
0.0,1501,107840.935063
0.0,1501,107874.286636
0.0,1501,107907.866152
0.0,1501,107941.31931
0.0,1501,107974.608597
0.0,1501,108007.473837
0.0,1501,108041.57099
0.0,1501,108075.664847
0.0,1501,108109.00936
0.0,1501,108143.261736
0.0,1501,108176.311596
0.0,1501,108209.667113
0.0,1501,108242.462133
0.0,1501,108276.449492
0.0,1501,108309.263842
0.0,1501,108342.947503
0.0,1501,108376.441357
0.0,1501,108410.268551
0.0,1501,108444.062889
0.0,1501,108476.319551
0.0,1501,108509.399479
0.0,1501,108542.241909
0.0,1501,108575.673702
0.0,1501,108608.525971
0.0,1501,108716.31363
0.0,1501,108749.695027
0.0,1501,108783.045382
0.0,1501,108815.870559
0.0,1501,108849.732774
0.0,1501,108883.225031
0.0,1501,108917.313859
0.0,1501,108951.44571
0.0,1501,108985.373156
0.0,1501,109019.523496
0.0,1501,109052.750972
0.0,1501,109085.953257
0.0,1501,109119.061742
0.0,1501,109151.994897
0.0,1501,109184.90171
0.0,1501,109218.568165
0.0,1501,109251.925912
0.0,1501,109284.506917
0.0,1501,109317.726592
0.0,1501,109351.229719
0.0,1501,109384.843823
0.0,1501,109418.828025
0.0,1501,109451.653053
0.0,1501,109485.261511
0.0,1501,109516.411982
0.0,1501,109550.326276
0.0,1501,109584.099183
0.0,1501,109617.423471
0.0,1501,109650.624284
0.0,1501,109683.721708
0.0,1501,109717.809139
0.0,1501,109750.988622
0.0,1501,109784.398454
0.0,1501,109899.837399
0.0,1501,109931.998289
0.0,1501,109965.158019
0.0,1501,109998.303946
0.0,1501,110032.402164
0.0,1501,110065.238231
0.0,1501,110097.743567
0.0,1501,110130.767607
0.0,1501,110164.220861
0.0,1501,110197.56315
0.0,1501,110230.530207
0.0,1501,110264.041329
0.0,1501,110296.44445
0.0,1501,110331.368493
0.0,1501,110364.849311
0.0,1501,110398.30511
0.0,1501,110432.208058
0.0,1501,110465.109725
0.0,1501,110497.629366
0.0,1501,110530.672709
0.0,1501,110563.73011
0.0,1501,110597.474676
0.0,1501,110630.943085
0.0,1501,110664.368718
0.0,1501,110696.841943
0.0,1501,110729.988121
0.0,1501,110764.060654
0.0,1501,110797.505373
0.0,1501,110830.54748
0.0,1501,110864.217517
0.0,1501,110897.071596
0.0,1501,110929.492373
0.0,1501,110962.817146
0.0,1501,111074.653029
0.0,1501,111107.388397
0.0,1501,111141.543023
0.0,1501,111174.863549
0.0,1501,111208.135154
0.0,1501,111242.063821
0.0,1501,111276.274449
0.0,1501,111309.720023
0.0,1501,111342.466726
0.0,1501,111376.137157
0.0,1501,111408.746909
0.0,1501,111441.930455
0.0,1501,111475.793514
0.0,1501,111508.677846
0.0,1501,111541.786094
0.0,1501,111575.504533
0.0,1501,111608.987906
0.0,1501,111642.017335
0.0,1501,111675.485498
0.0,1501,111708.266214
0.0,1501,111742.438802
0.0,1501,111776.446082
0.0,1501,111810.066696
0.0,1501,111844.279364
0.0,1501,111876.98
0.0,1501,111911.054246
0.0,1501,111944.016766
0.0,1501,111977.7138
0.0,1501,112010.40706
0.0,1501,112045.717508
0.0,1501,112078.927602
0.0,1501,112112.643835
0.0,1501,112145.063814
0.0,1501,112177.755517
0.0,1501,112286.352185
0.0,1501,112319.973325
0.0,1501,112353.092857
0.0,1501,112386.584122
0.0,1501,112419.832251
0.0,1501,112452.657456
0.0,1501,112486.420442
0.0,1501,112520.353017
0.0,1501,112553.833733
0.0,1501,112587.4409
0.0,1501,112620.962274
0.0,1501,112654.808174
0.0,1501,112688.024995
0.0,1501,112720.672541
0.0,1501,112754.282803
0.0,1501,112787.414066
0.0,1501,112820.713853
0.0,1501,112854.662946
0.0,1501,112888.255779
0.0,1501,112921.254192
0.0,1501,112955.05764
0.0,1501,112988.68726
0.0,1501,113022.602942
0.0,1501,113054.897054
0.0,1501,113088.24815
0.0,1501,113122.27435
0.0,1501,113156.06698
0.0,1501,113188.633134
0.0,1501,113222.358004
0.0,1501,113255.644635
0.0,1501,113289.103568
0.0,1501,113321.949012
0.0,1501,113355.922302
0.0,1501,113466.251451
0.0,1501,113498.944204
0.0,1501,113532.604463
0.0,1501,113566.559537
0.0,1501,113600.167426
0.0,1501,113633.753081
0.0,1501,113666.755273
0.0,1501,113700.433097
0.0,1501,113734.212851
0.0,1501,113768.073756
0.0,1501,113801.225299
0.0,1501,113834.980681
0.0,1501,113868.264549
0.0,1501,113901.036184
0.0,1501,113933.893371
0.0,1501,113967.537065
0.0,1501,114001.132547
0.0,1501,114034.062454
0.0,1501,114066.520881
0.0,1501,114099.934147
0.0,1501,114133.659478
0.0,1501,114167.449407
0.0,1501,114201.356114
0.0,1501,114234.85448
0.0,1501,114268.817921
0.0,1501,114301.818202
0.0,1501,114334.605115
0.0,1501,114368.177302
0.0,1501,114401.076387
0.0,1501,114434.709898
0.0,1501,114468.424415
0.0,1501,114502.260416
0.0,1501,114536.281433
0.0,1501,114644.966674
0.0,1501,114677.379857
0.0,1501,114709.910288
0.0,1501,114743.933055
0.0,1501,114778.226427
0.0,1501,114811.087547
0.0,1501,114844.558616
0.0,1501,114877.235524
0.0,1501,114910.629839
0.0,1501,114943.888385
0.0,1501,114977.620606
0.0,1501,115011.294848
0.0,1501,115043.392799
0.0,1501,115078.411617
0.0,1501,115111.050435
0.0,1501,115144.605053
0.0,1501,115177.836941
0.0,1501,115210.889155
0.0,1501,115245.081631
0.0,1501,115278.996027
0.0,1501,115312.786336
0.0,1501,115345.960915
0.0,1501,115378.470359
0.0,1501,115412.580323
0.0,1501,115445.931237
0.0,1501,115478.975056
0.0,1501,115512.565619
0.0,1501,115545.643113
0.0,1501,115578.263165
0.0,1501,115612.358572
0.0,1501,115645.782044
0.0,1501,115678.614084
0.0,1501,115711.504171
0.0,1501,115745.051456
